timestamp,weather,avg_speed,traffic_volume,distance_km,Delay
01/01/2023 00:00:00,Cloudy,47.496300947588,273,8.82875604830533,0.715726740731501
01/01/2023 00:15:00,Fog,59.541430502985,421,5.81020791388935,29.5371329997751
01/01/2023 00:30:00,Cloudy,69.0308178520816,188,42.2961987130523,9.9599137128468
01/01/2023 00:45:00,Fog,46.8422965980522,338,18.8737153259939,6.2690220801423
01/01/2023 01:00:00,Cloudy,58.3291253912233,445,41.5008631634532,5.2805497103623
01/01/2023 01:15:00,Cloudy,44.3174498858793,195,11.1693971663123,4.7306466170723
01/01/2023 01:30:00,Clear,55.0085896348308,283,44.0179898018744,7.2945499651966
01/01/2023 01:45:00,Rain,65.8809013460501,445,9.88591457437497,12.7718134304706
01/01/2023 02:00:00,Clear,52.2060860259883,220,14.0335947447294,3.762244703777
01/01/2023 02:15:00,Cloudy,47.5974118899181,315,37.4942350469204,20.8691546174637
01/01/2023 02:30:00,Fog,67.775997430135,375,7.95316931011703,25.2364697242574
01/01/2023 02:45:00,Fog,75.2763205168991,338,32.0951459747977,4.6016413893448
01/01/2023 03:00:00,Rain,24.6673159369584,340,32.6392765208261,4.090091347202
01/01/2023 03:15:00,Cloudy,30.3498202672504,367,33.6012848802631,38.6679932476658
01/01/2023 03:30:00,Clear,74.6809249492592,338,41.8099347883644,1.9705790611342
01/01/2023 03:45:00,Fog,60.0527487262931,348,10.410215927573,23.5310147141998
01/01/2023 04:00:00,Clear,20.3360390090376,461,26.818377023617,35.830779038649
01/01/2023 04:15:00,Clear,34.8526192281041,307,39.3622146393162,4.68389427012301
01/01/2023 04:30:00,Fog,44.5296242938886,130,5.70724857800762,-0.400808049067541
01/01/2023 04:45:00,Rain,63.1742807667572,409,43.2543334107185,21.4233131310306
01/01/2023 05:00:00,Rain,70.7846645816726,280,43.1608095922214,18.751778959718
01/01/2023 05:15:00,Clear,27.4184169569757,283,25.2368448792869,12.2527213100742
01/01/2023 05:30:00,Fog,26.9258120427942,448,34.5982034962513,10.890834779207
01/01/2023 05:45:00,Clear,66.2859237028711,344,41.3943737112478,25.6815334552017
01/01/2023 06:00:00,Fog,47.7921281210632,171,8.73372808183821,10.2883431199972
01/01/2023 06:15:00,Cloudy,25.171459101519,261,18.6765091037501,4.3732974648595
01/01/2023 06:30:00,Cloudy,30.1490196977848,116,42.5504499015815,2.3478816050003
01/01/2023 06:45:00,Rain,79.536416379712,340,7.93978966034633,9.1527741244242
01/01/2023 07:00:00,Cloudy,65.4740476209396,283,29.7359239250311,-1.9217167961407
01/01/2023 07:15:00,Fog,65.4927554375531,256,30.2902551039328,6.3094695556657
01/01/2023 07:30:00,Cloudy,45.9762342412896,463,44.438157353059,34.6647102755995
01/01/2023 07:45:00,Clear,76.2529299924664,91,12.997581401806,14.4498397272526
01/01/2023 08:00:00,Fog,39.9492155927162,311,48.2061452604102,5.4775521423081
01/01/2023 08:15:00,Clear,61.4698071263532,478,41.8986365746409,25.1327466742255
01/01/2023 08:30:00,Fog,35.2983983161795,159,12.618050410119,1.2708299409672
01/01/2023 08:45:00,Clear,65.0984746455044,295,19.6652298233453,10.1058632183369
01/01/2023 09:00:00,Fog,73.8660880812787,116,42.4240335198389,7.9081727328703
01/01/2023 09:15:00,Clear,41.3613161541816,140,15.0719537668312,10.7010255376685
01/01/2023 09:30:00,Rain,68.2298788085702,192,10.2834255564123,6.3215125128868
01/01/2023 09:45:00,Clear,41.5860457863883,462,8.49389816805031,15.139114537203
01/01/2023 10:00:00,Cloudy,25.9372044958943,237,19.8069775560131,12.9976540843099
01/01/2023 10:15:00,Fog,64.5801827731366,408,14.483300400568,24.8380832141228
01/01/2023 10:30:00,Rain,57.7850291732019,342,16.4138459423975,4.5906602602776
01/01/2023 10:45:00,Fog,74.7021464149276,74,32.6447726939612,2.6708974465922
01/01/2023 11:00:00,Rain,46.2955379983777,246,27.6140542724075,3.6451718366594
01/01/2023 11:15:00,Rain,50.2432248125463,386,46.524387729366,29.6019770130895
01/01/2023 11:30:00,Rain,48.9356830251937,374,38.8643098910927,36.9467296100113
01/01/2023 11:45:00,Clear,72.015643011664,438,43.6767754709006,25.168777976033
01/01/2023 12:00:00,Rain,35.6624596046621,192,23.9305193150373,-3.0214899690109
01/01/2023 12:15:00,Fog,35.3805587440613,65,6.07048814260602,14.1569125557194
01/01/2023 12:30:00,Rain,22.1724631346548,447,47.4904821358112,22.9796847158721
01/01/2023 12:45:00,Fog,28.7924993674827,307,32.4629230149426,43.6149234449969
01/01/2023 13:00:00,Fog,72.1248300625983,162,24.9673719602034,0.856547458576802
01/01/2023 13:15:00,Clear,76.570398407898,175,21.2468774622623,7.36635142815
01/01/2023 13:30:00,Cloudy,22.8292926633125,499,41.8450183800204,8.6384061478697
01/01/2023 13:45:00,Cloudy,23.3405226002941,229,24.9322543739238,12.315914942087
01/01/2023 14:00:00,Cloudy,25.3644108964218,138,27.8126334293482,1.0011545726043
01/01/2023 14:15:00,Rain,77.7152222080189,77,22.878994671589,19.715789501856
01/01/2023 14:30:00,Clear,43.5279298078409,78,43.2662845187314,1.8912465405528
01/01/2023 14:45:00,Clear,63.0507012234577,235,46.7909698699365,-2.272287246234
01/01/2023 15:00:00,Clear,21.3382018745942,190,32.7298200330876,12.1582835541922
01/01/2023 15:15:00,Fog,68.1119940953283,57,25.3316712137574,20.3510854827489
01/01/2023 15:30:00,Fog,53.4030319836538,101,32.9194922283457,4.3814635463718
01/01/2023 15:45:00,Fog,50.3923746037322,450,19.4997937310979,6.2140038372873
01/01/2023 16:00:00,Clear,30.6022010729031,374,30.4161036595939,27.0103833924353
01/01/2023 16:15:00,Fog,74.4779088423475,228,29.7548888089902,11.1576675438174
01/01/2023 16:30:00,Clear,76.8739981773739,148,44.7610851338267,1.6306056793542
01/01/2023 16:45:00,Cloudy,44.7028000514077,461,48.2341674586063,21.5794598062724
01/01/2023 17:00:00,Rain,28.9830528571555,290,39.5718442742143,10.9377614715434
01/01/2023 17:15:00,Fog,49.0838993659418,159,32.1140669812698,8.1815861926248
01/01/2023 17:30:00,Rain,40.0156894124155,372,22.9927040228169,44.5190222196935
01/01/2023 17:45:00,Cloudy,55.8517497987901,446,13.8513730384979,8.0391972561556
01/01/2023 18:00:00,Cloudy,38.5175552944686,461,28.7997740935108,43.2890945500967
01/01/2023 18:15:00,Fog,61.2227452286946,262,10.6795115660722,10.3541700237221
01/01/2023 18:30:00,Rain,21.6325913109515,163,15.8880053092202,-0.867959318133799
01/01/2023 18:45:00,Clear,59.2666981246057,453,5.45188399696351,27.5088778231208
01/01/2023 19:00:00,Clear,39.082234422191,144,15.7895329215668,2.3884963862448
01/01/2023 19:15:00,Cloudy,53.5227645695295,272,12.3253141942575,7.8091969845839
01/01/2023 19:30:00,Rain,26.3655389344857,155,42.5656111910571,14.0398485311616
01/01/2023 19:45:00,Cloudy,31.1240442847048,235,39.7283031066003,-3.0001380138025
01/01/2023 20:00:00,Clear,65.548859957465,296,43.4047900322748,8.4388155397034
01/01/2023 20:15:00,Fog,44.8792983612297,266,11.0222655732984,19.3897334856944
01/01/2023 20:30:00,Rain,40.8784928861568,339,23.0595306201596,39.2440220500399
01/01/2023 20:45:00,Cloudy,51.424571449028,418,8.71095893105053,15.6079498848638
01/01/2023 21:00:00,Cloudy,40.3485822400854,455,5.46461452442866,26.1284780360029
01/01/2023 21:15:00,Cloudy,63.1322796305254,70,15.4942429148239,3.4448956399371
01/01/2023 21:30:00,Cloudy,72.3576158781381,122,33.2661400058534,0.209094662902
01/01/2023 21:45:00,Clear,56.0776630819613,280,13.8725911622402,14.4138027893593
01/01/2023 22:00:00,Cloudy,22.884362732808,424,37.1221705476616,6.3228910582698
01/01/2023 22:15:00,Cloudy,26.6826284839578,462,46.4625782356044,11.009103927253
01/01/2023 22:30:00,Cloudy,76.7082337525341,497,15.5679852144954,14.120859625783
01/01/2023 22:45:00,Cloudy,67.5744994443699,179,24.4479116183421,-2.20093353743309
01/01/2023 23:00:00,Rain,39.4136482176051,263,16.3365293593186,3.0642539369584
01/01/2023 23:15:00,Clear,53.7294879958521,187,47.2051006265811,6.0625085243491
01/01/2023 23:30:00,Fog,47.8452505284875,470,22.8168890510679,6.6337247244348
01/01/2023 23:45:00,Fog,33.0686897908408,366,25.409435103878,14.3832999609733
01/02/2023 00:00:00,Clear,58.2255434711299,275,7.69450139604212,5.2605264980745
01/02/2023 00:15:00,Fog,24.2103169727355,175,44.1726954717692,-2.1244472013928
01/02/2023 00:30:00,Rain,69.8931354203357,125,9.38761869751787,6.8481108984443
01/02/2023 00:45:00,Rain,28.9572095275575,430,30.7823147735649,5.1438238570389
01/02/2023 01:00:00,Clear,23.1406747328249,184,47.5407678365691,14.5197091314103
01/02/2023 01:15:00,Clear,50.295101430066,305,39.9415095300951,16.3962807932469
01/02/2023 01:30:00,Cloudy,34.9593551094079,466,6.31187153962494,13.0333244026519
01/02/2023 01:45:00,Cloudy,59.5835319516351,375,10.1521273943854,16.0458162186305
01/02/2023 02:00:00,Fog,73.7850003637732,147,49.2299396395609,17.3760760863807
01/02/2023 02:15:00,Clear,54.2039153325233,340,46.480438846583,24.8919389417968
01/02/2023 02:30:00,Fog,56.051061069754,189,49.0688174227195,5.5555827890471
01/02/2023 02:45:00,Clear,74.8608761415516,210,18.3648710872006,11.6676114637068
01/02/2023 03:00:00,Rain,46.8769911079798,54,26.3492350314721,20.3397262781477
01/02/2023 03:15:00,Fog,46.6661810993528,107,30.8637774503994,12.676554790443
01/02/2023 03:30:00,Fog,56.857235625319,177,22.353441354319,19.3635579007553
01/02/2023 03:45:00,Clear,48.4380345710657,129,43.3747044866387,4.4909940598581
01/02/2023 04:00:00,Cloudy,48.5831825625052,62,23.7749945413662,3.0004963282667
01/02/2023 04:15:00,Cloudy,29.3061758659168,271,23.1556820710192,13.8120577083504
01/02/2023 04:30:00,Fog,52.0045721500213,100,42.5807592421812,11.1911249836111
01/02/2023 04:45:00,Clear,36.7395831147007,451,13.7844779791931,38.5631789381524
01/02/2023 05:00:00,Cloudy,44.8285553349552,170,20.6356840263377,-0.648042573780401
01/02/2023 05:15:00,Rain,42.724633725295,59,25.5865894577786,14.3250775181806
01/02/2023 05:30:00,Cloudy,67.6620814348589,426,26.8235907817532,24.8151686740535
01/02/2023 05:45:00,Cloudy,72.580131007087,356,31.3240840286495,8.0327259206135
01/02/2023 06:00:00,Cloudy,50.0717179855526,74,47.2986642049263,0.825436843322201
01/02/2023 06:15:00,Clear,60.5111855688741,448,36.0639216692218,7.812398259726
01/02/2023 06:30:00,Cloudy,32.8610252461453,261,39.8458451830977,-0.645117088428499
01/02/2023 06:45:00,Fog,39.3404108684057,440,34.8114787064654,8.6114796661454
01/02/2023 07:00:00,Cloudy,33.7127830676745,157,40.2928059336105,10.2809118356745
01/02/2023 07:15:00,Clear,29.3688389894153,250,40.7321624375929,24.9121208483581
01/02/2023 07:30:00,Fog,47.9408969788288,314,47.902340875884,8.7387358094418
01/02/2023 07:45:00,Fog,20.2725436852181,477,8.60326277050208,18.3270538240435
01/02/2023 08:00:00,Fog,60.5717961697267,396,28.8835717061937,20.0218850356252
01/02/2023 08:15:00,Clear,56.6722964976728,488,33.1773212801805,6.9061633654734
01/02/2023 08:30:00,Fog,79.1188719032998,347,24.4662069309932,15.3685141288047
01/02/2023 08:45:00,Clear,39.8462457247049,380,36.5706028994428,37.4087666737415
01/02/2023 09:00:00,Fog,58.5596214627078,449,5.91088458277776,7.8180856977822
01/02/2023 09:15:00,Clear,26.8949066684292,219,38.3634291541954,4.5018347445332
01/02/2023 09:30:00,Fog,72.9177475858985,376,45.1625696910284,35.0382309680656
01/02/2023 09:45:00,Cloudy,78.5975088046428,146,35.0085265892936,12.6065603833459
01/02/2023 10:00:00,Fog,44.1623059682802,314,46.9646324046419,18.8781257223603
01/02/2023 10:15:00,Fog,41.747598188832,277,18.0099444710067,2.41034623647
01/02/2023 10:30:00,Rain,24.0591185612752,193,44.6683249329733,6.3951567479897
01/02/2023 10:45:00,Clear,47.6380513412916,224,48.4482473994185,7.3348835118922
01/02/2023 11:00:00,Fog,27.6536813903642,392,44.4164592495018,21.1284148524441
01/02/2023 11:15:00,Fog,40.6391262874422,132,12.5624374290127,11.8446163547655
01/02/2023 11:30:00,Cloudy,32.2055491212481,413,45.9421173699625,19.8913047043239
01/02/2023 11:45:00,Rain,37.3276123563274,91,38.4999512996682,4.5280762910377
01/02/2023 12:00:00,Cloudy,57.1689792321602,302,24.2387525783159,18.5839316184589
01/02/2023 12:15:00,Clear,51.8455264103036,340,19.0783335090304,15.0701706469264
01/02/2023 12:30:00,Clear,37.7383631962244,112,23.5136624597417,3.6465935075692
01/02/2023 12:45:00,Clear,60.5928510481897,342,22.1946784581782,3.281674108697
01/02/2023 13:00:00,Cloudy,63.7631966028787,456,26.9292804062898,5.1674322616161
01/02/2023 13:15:00,Rain,54.5308348605835,497,43.1547227276929,15.3609394266984
01/02/2023 13:30:00,Cloudy,53.7364110991851,198,9.24754015680419,1.1409764023992
01/02/2023 13:45:00,Rain,54.9038806317849,383,6.01222480648807,19.5569200923281
01/02/2023 14:00:00,Rain,26.9684115690195,342,34.3905889430224,29.627515335832
01/02/2023 14:15:00,Rain,26.4432938435097,381,25.9678734665161,7.47070464613839
01/02/2023 14:30:00,Rain,38.37759511775,444,40.6277807175724,7.2500229084502
01/02/2023 14:45:00,Clear,44.5839831562801,382,26.3382039030312,7.9871627749422
01/02/2023 15:00:00,Clear,58.0970120605963,188,35.2275342456658,3.1566721895352
01/02/2023 15:15:00,Clear,53.5387698731345,156,40.3904333833765,5.3956433740577
01/02/2023 15:30:00,Fog,65.2385434077912,128,20.7131263231165,-0.410045684458
01/02/2023 15:45:00,Clear,31.2582791754046,476,37.0707071536611,25.9892614725113
01/02/2023 16:00:00,Cloudy,60.5211473924337,76,18.6677982562084,1.8385212047261
01/02/2023 16:15:00,Cloudy,75.2753731108331,234,39.568169259236,-4.0301547362553
01/02/2023 16:30:00,Cloudy,26.1424633884572,384,49.5936994900834,6.5365342438452
01/02/2023 16:45:00,Cloudy,20.533785875639,485,35.8773805938301,11.2355239371532
01/02/2023 17:00:00,Rain,76.2914599898364,165,14.3873912317716,0.0646803691771005
01/02/2023 17:15:00,Cloudy,58.8767567605013,120,25.1184894584666,3.6987240008151
01/02/2023 17:30:00,Fog,57.8668412142265,133,15.8076569676182,-3.8212591453593
01/02/2023 17:45:00,Rain,79.2663672197198,453,10.8542583733639,47.2221310969211
01/02/2023 18:00:00,Rain,78.0425151688005,137,41.5384839494356,1.5099130962763
01/02/2023 18:15:00,Fog,53.6677407343579,105,8.72050494337141,4.9425447631874
01/02/2023 18:30:00,Clear,58.8676904689447,389,43.83252411054,3.8521887366201
01/02/2023 18:45:00,Fog,64.6262680445099,347,21.6205669030587,23.7549384058499
01/02/2023 19:00:00,Cloudy,61.1625794762724,452,46.0337605300354,9.7782992730186
01/02/2023 19:15:00,Cloudy,74.2604214080787,100,45.0091182345763,-0.597901952674604
01/02/2023 19:30:00,Rain,33.7649987262815,99,7.94586726321817,15.083391555409
01/02/2023 19:45:00,Clear,77.1557605487756,220,44.3784977119252,3.9370933846563
01/02/2023 20:00:00,Clear,31.6268847586333,144,43.9150034493505,8.6647672823326
01/02/2023 20:15:00,Fog,72.3159517044553,433,42.7922117825071,31.5945126161893
01/02/2023 20:30:00,Fog,51.2088756203561,65,18.6322502489454,3.9078299588559
01/02/2023 20:45:00,Cloudy,70.9730106143136,307,45.3397837539231,10.1511073438052
01/02/2023 21:00:00,Cloudy,50.0262005082222,102,25.5809263156663,16.1255872780222
01/02/2023 21:15:00,Cloudy,35.8961850255548,339,12.5626922410832,25.7501902204668
01/02/2023 21:30:00,Rain,50.2980464301514,198,28.7171408306846,20.9854115501293
01/02/2023 21:45:00,Rain,55.3369212242525,436,12.9076088239853,3.3906621760674
01/02/2023 22:00:00,Rain,33.3501523327599,205,5.36654684305405,24.9543712941613
01/02/2023 22:15:00,Rain,69.0080304992725,346,36.6435536696084,25.0833780649352
01/02/2023 22:30:00,Fog,68.5309471762042,200,22.4618576408226,9.2415710580214
01/02/2023 22:45:00,Fog,35.9737502773354,302,36.7768434974589,12.9254646883843
01/02/2023 23:00:00,Cloudy,43.3378366144012,212,24.7788154922916,26.5983187168395
01/02/2023 23:15:00,Cloudy,31.9270011720376,181,29.1894672072651,4.4507947677183
01/02/2023 23:30:00,Rain,69.436087288911,341,49.6073582569832,15.0257151859837
01/02/2023 23:45:00,Rain,34.649936474554,461,24.3104489129357,35.3626179191086
01/03/2023 00:00:00,Clear,79.0589210659621,146,40.7748894124541,-4.29778315751241
01/03/2023 00:15:00,Clear,60.9563530588953,149,26.2734606851113,1.6104671465838
01/03/2023 00:30:00,Fog,39.1660035019482,155,7.1365679209179,4.1560364686586
01/03/2023 00:45:00,Clear,61.0981231655727,142,27.6135624001587,5.0877864611942
01/03/2023 01:00:00,Cloudy,30.5735517941331,130,9.30251986045135,15.7316672137567
01/03/2023 01:15:00,Rain,59.5215007680597,252,37.8640779719998,4.4980887010933
01/03/2023 01:30:00,Rain,40.7381876040045,186,23.2350621724131,1.5537264148067
01/03/2023 01:45:00,Clear,23.692336999389,274,12.5285043621468,5.4747869256197
01/03/2023 02:00:00,Rain,31.6616818667,293,47.0837865406059,4.6254392355674
01/03/2023 02:15:00,Fog,34.2363557631355,455,24.9790464117596,20.3760475203117
01/03/2023 02:30:00,Fog,45.6839958239829,213,39.8939686149425,24.102028888717
01/03/2023 02:45:00,Rain,65.3183725978255,327,20.7792114881331,31.5770241972284
01/03/2023 03:00:00,Rain,63.7322119239389,439,27.7996364115801,49.1027344210435
01/03/2023 03:15:00,Fog,21.7511618437623,390,9.10339248977889,6.1816288153813
01/03/2023 03:30:00,Rain,30.9537590197,422,25.2613224946203,16.6939329672923
01/03/2023 03:45:00,Clear,49.7275280439343,295,46.132898893826,8.1802163538366
01/03/2023 04:00:00,Cloudy,76.4169454460754,231,7.48874536603362,-0.00566083056909861
01/03/2023 04:15:00,Rain,53.1925926386966,254,10.3253240041189,10.5820729451093
01/03/2023 04:30:00,Clear,73.6911403400824,76,21.1425317711324,10.606458404317
01/03/2023 04:45:00,Rain,50.6677889541005,129,19.3067273280604,1.5755187614053
01/03/2023 05:00:00,Cloudy,58.3853381669918,314,5.53533670638678,13.5915078147331
01/03/2023 05:15:00,Cloudy,33.6334626906761,187,35.6646403343417,4.3021404077659
01/03/2023 05:30:00,Clear,74.0539448494522,423,19.3900399792422,6.8626824905332
01/03/2023 05:45:00,Fog,38.4673300198215,71,29.2702614222562,6.4434780351623
01/03/2023 06:00:00,Fog,44.9494058342399,415,26.8172094137954,13.1590110468886
01/03/2023 06:15:00,Rain,75.1527033073465,178,34.7248075557819,19.2661446364743
01/03/2023 06:30:00,Rain,73.5004296854589,169,9.85828352772019,21.9123911823729
01/03/2023 06:45:00,Cloudy,76.536851898847,96,8.18592415737598,6.0854063247937
01/03/2023 07:00:00,Clear,71.7699427977589,347,21.6297580522777,14.2912551303462
01/03/2023 07:15:00,Cloudy,46.338115611283,498,19.6124059604989,2.4491749301597
01/03/2023 07:30:00,Fog,40.6819337194799,217,19.0271577770283,-0.575997523888596
01/03/2023 07:45:00,Rain,20.1603078877374,283,6.81304214294589,4.4007274417141
01/03/2023 08:00:00,Rain,71.8971952806365,401,41.2340052482006,25.074982348876
01/03/2023 08:15:00,Clear,61.5143106174235,353,47.8121185421471,15.0727146601738
01/03/2023 08:30:00,Rain,64.2572982623717,65,13.0206265047798,15.6320733961179
01/03/2023 08:45:00,Clear,20.2944344475732,402,17.9284109370076,20.1231655125134
01/03/2023 09:00:00,Rain,28.9200483118888,247,25.483336624317,1.26246369859921
01/03/2023 09:15:00,Fog,27.6828207295701,407,16.650000325484,3.5214657819616
01/03/2023 09:30:00,Clear,55.9413669855736,467,46.5138130185622,31.0504956336226
01/03/2023 09:45:00,Rain,73.2226856063292,302,39.9969605396869,18.9610260924532
01/03/2023 10:00:00,Cloudy,69.9246698246775,50,34.7349930002679,24.4103607309967
01/03/2023 10:15:00,Fog,49.4556657489544,210,31.1026964959156,-1.9385537869591
01/03/2023 10:30:00,Fog,41.1185821695022,131,35.9709641004827,-0.312230896894896
01/03/2023 10:45:00,Cloudy,74.8406826892571,300,49.2874986744976,11.9480990076275
01/03/2023 11:00:00,Cloudy,62.5492175393658,238,46.7482666379664,13.5223273467923
01/03/2023 11:15:00,Rain,53.6385382318231,442,18.9263875340813,43.5393615237334
01/03/2023 11:30:00,Cloudy,41.6174019171739,428,46.2651315089487,9.0493143529191
01/03/2023 11:45:00,Fog,73.7294644595243,312,34.2155524225506,14.2771794826066
01/03/2023 12:00:00,Cloudy,76.8825856866776,481,18.7387418112155,8.7935943594909
01/03/2023 12:15:00,Fog,55.075424576675,177,33.6830000014701,2.5513815851369
01/03/2023 12:30:00,Rain,68.3743501457428,446,47.0696909894812,12.3388928322222
01/03/2023 12:45:00,Fog,56.2397326689364,387,7.48517440353566,34.9032570702398
01/03/2023 13:00:00,Cloudy,38.6317207005349,192,39.4456497347594,1.166028649957
01/03/2023 13:15:00,Fog,23.9755803225166,238,13.0304181340602,-0.538103311976805
01/03/2023 13:30:00,Fog,45.258121245144,339,8.70653981036246,8.4152290990973
01/03/2023 13:45:00,Cloudy,61.6004779479044,98,26.8466180412805,7.8114794722351
01/03/2023 14:00:00,Rain,68.0699466731083,207,22.5552122019545,-0.563156301410199
01/03/2023 14:15:00,Fog,56.3329663564602,298,5.58072697164647,-0.791956155153301
01/03/2023 14:30:00,Fog,27.0885507485853,66,28.7351937362178,8.6834311464856
01/03/2023 14:45:00,Fog,20.2819838105389,236,34.2868879113687,-1.7664339252414
01/03/2023 15:00:00,Cloudy,36.1590797753032,461,28.0459490236815,7.4809873286506
01/03/2023 15:15:00,Clear,48.3138929366813,354,31.6990884013928,12.3431003520662
01/03/2023 15:30:00,Rain,24.8755227433468,222,40.8633354646392,13.0695924764615
01/03/2023 15:45:00,Rain,45.8777310330501,466,16.6386926314759,45.4057102588577
01/03/2023 16:00:00,Cloudy,78.4444636420801,315,22.9710512174999,35.0819604512152
01/03/2023 16:15:00,Rain,65.4386820137142,255,41.9639387600807,4.6282967308373
01/03/2023 16:30:00,Rain,41.0018240313625,244,23.0758296523575,14.2175005008497
01/03/2023 16:45:00,Clear,33.7128249869965,188,7.85354106754357,25.9116555587934
01/03/2023 17:00:00,Clear,28.6876422810503,220,48.9583263033595,7.0975521261229
01/03/2023 17:15:00,Fog,60.4997042011008,91,29.9941275593781,0.384900061042
01/03/2023 17:30:00,Fog,78.0825509576729,249,14.9333630501438,-0.0859869981435004
01/03/2023 17:45:00,Rain,56.615646367772,250,34.6782745036216,11.1016713821919
01/03/2023 18:00:00,Cloudy,64.1386525420825,177,46.691868092936,5.1515245752324
01/03/2023 18:15:00,Clear,56.533852912788,345,13.0936076863656,42.2284002592933
01/03/2023 18:30:00,Fog,66.0016249076523,305,30.8133159278953,53.8897617528306
01/03/2023 18:45:00,Cloudy,52.6363179813316,51,14.4484584052737,2.552224875976
01/03/2023 19:00:00,Clear,26.0257137140048,378,41.6877555563313,32.6095586785205
01/03/2023 19:15:00,Fog,50.6263487993816,262,34.9076037140694,19.1635316508174
01/03/2023 19:30:00,Clear,55.4204198258089,251,20.3007562592269,0.826203789176198
01/03/2023 19:45:00,Cloudy,55.7874072316779,362,23.7261021451309,56.1355718469998
01/03/2023 20:00:00,Cloudy,65.7791760826386,277,16.2834055982227,1.1279996995177
01/03/2023 20:15:00,Rain,49.7046398325973,164,29.4310032772342,18.1414522387568
01/03/2023 20:30:00,Clear,36.1937832145868,64,20.6929805446346,28.4118442873677
01/03/2023 20:45:00,Cloudy,66.3185777174663,139,14.6539331905405,9.5214393977198
01/03/2023 21:00:00,Fog,40.3973731436557,402,49.2368933984773,12.1994305050513
01/03/2023 21:15:00,Rain,41.6953572808005,481,17.7300119014661,23.1485284355804
01/03/2023 21:30:00,Fog,62.1212970350253,184,46.6786527445269,8.4185696908515
01/03/2023 21:45:00,Fog,47.1779818988044,452,47.6124765377484,33.9023404860294
01/03/2023 22:00:00,Cloudy,37.3684286461996,121,44.7223222289866,15.0881448445219
01/03/2023 22:15:00,Rain,71.671585572442,228,44.6938941186031,8.2778948715553
01/03/2023 22:30:00,Cloudy,59.7645596944951,97,47.1959558547112,4.6483423916668
01/03/2023 22:45:00,Cloudy,30.2373782522345,192,14.6304095057238,17.5894096087893
01/03/2023 23:00:00,Rain,39.6930848056511,206,26.7242645839685,1.5571981048172
01/03/2023 23:15:00,Cloudy,47.6253904150444,328,22.493177335681,21.0469205090524
01/03/2023 23:30:00,Clear,31.0441849148837,317,38.8906127221464,32.2524504429984
01/03/2023 23:45:00,Fog,66.7795856651857,125,37.7647046011226,3.0441171790674
01/04/2023 00:00:00,Rain,72.449578735535,152,30.4382875760038,-1.3745207480096
01/04/2023 00:15:00,Clear,22.7838895466384,269,22.382604683953,5.4654058846458
01/04/2023 00:30:00,Rain,76.4733318079195,127,28.9917586835799,5.7932362138703
01/04/2023 00:45:00,Fog,49.4231731654916,99,26.6208055723379,4.5325019752036
01/04/2023 01:00:00,Cloudy,54.094735512769,319,43.6453923134436,27.0330143208991
01/04/2023 01:15:00,Fog,47.688451333571,288,40.013310700709,11.7305790755524
01/04/2023 01:30:00,Fog,29.5382883128486,144,18.1907431369418,17.8881506356052
01/04/2023 01:45:00,Cloudy,65.4708429988836,425,26.1390257527068,39.4775160466075
01/04/2023 02:00:00,Rain,54.0644533008805,379,6.93912937859278,13.3162804844583
01/04/2023 02:15:00,Fog,61.3751281698643,261,28.547528135739,0.533588304919801
01/04/2023 02:30:00,Cloudy,72.3401450849316,287,26.7491065087139,-5.3397391983729
01/04/2023 02:45:00,Clear,34.7418635058604,200,43.7728149076332,10.8056227042105
01/04/2023 03:00:00,Cloudy,78.62412969966,333,42.4012040159254,4.146635822823
01/04/2023 03:15:00,Cloudy,21.1880715049144,464,27.9017441256207,16.4515754631664
01/04/2023 03:30:00,Cloudy,29.5006226399519,172,37.4811731922757,19.9028669355434
01/04/2023 03:45:00,Fog,58.1999975195913,178,36.3980915221013,8.2369617899901
01/04/2023 04:00:00,Rain,57.2526569020099,237,5.05285385347991,1.7940205147277
01/04/2023 04:15:00,Rain,39.3117797753627,263,15.172278307265,6.4066582508654
01/04/2023 04:30:00,Fog,47.539227001238,95,12.5793956007673,13.7755739938625
01/04/2023 04:45:00,Rain,23.1009536189016,247,10.3329682213439,14.9578434008566
01/04/2023 05:00:00,Clear,59.3462884161858,439,33.3113720803964,26.8234223393858
01/04/2023 05:15:00,Clear,57.0255205495769,111,22.5715592028336,4.3815023188023
01/04/2023 05:30:00,Clear,79.5646094365931,239,44.9207631223464,18.0612828489352
01/04/2023 05:45:00,Clear,24.9744117329033,217,49.3400959987363,27.9269602961902
01/04/2023 06:00:00,Fog,47.3206317066921,266,22.624109792483,6.3230083414586
01/04/2023 06:15:00,Rain,35.3079013359894,464,11.0600592455685,15.243513091882
01/04/2023 06:30:00,Cloudy,71.4237984075808,89,13.4534709789434,4.3664928774582
01/04/2023 06:45:00,Rain,77.525546593921,100,32.6570932813605,3.2235127004165
01/04/2023 07:00:00,Rain,37.737535757907,366,11.6738033210444,34.9056424797007
01/04/2023 07:15:00,Clear,68.0945507846811,152,9.26847379390659,3.3344042390329
01/04/2023 07:30:00,Cloudy,72.1050528505475,245,47.2303035198371,20.9606099766391
01/04/2023 07:45:00,Cloudy,28.1402625064793,138,30.1486330970416,1.4420262662254
01/04/2023 08:00:00,Fog,52.9906849925856,63,10.1595124337566,-0.262818405014002
01/04/2023 08:15:00,Fog,35.2697867447333,328,46.481960483374,7.684947740506
01/04/2023 08:30:00,Rain,40.1564610197825,320,41.3686450463894,17.4163090286775
01/04/2023 08:45:00,Fog,44.2078343317153,121,27.2292263672455,-1.2042640272759
01/04/2023 09:00:00,Cloudy,66.7586744639605,323,5.42716841159914,9.7284284995493
01/04/2023 09:15:00,Clear,33.4236969134393,131,32.5839861611361,9.6953594805087
01/04/2023 09:30:00,Rain,31.8325294172729,421,5.24253560143488,8.2397287065106
01/04/2023 09:45:00,Cloudy,32.7509164732104,381,29.446749463898,27.6780149434036
01/04/2023 10:00:00,Rain,65.7498750431569,304,44.6747389256159,8.2709349945479
01/04/2023 10:15:00,Cloudy,58.3270926643119,84,46.1608160912008,14.8834797186016
01/04/2023 10:30:00,Cloudy,46.2843851722789,196,24.7803265502987,26.1582221780934
01/04/2023 10:45:00,Rain,58.572126649916,340,9.44892002850507,14.5070681142651
01/04/2023 11:00:00,Clear,22.9683046454987,337,26.0884665190874,2.1646449884782
01/04/2023 11:15:00,Cloudy,59.7803981318739,277,39.2365319858426,18.6306259846846
01/04/2023 11:30:00,Fog,34.1963639942735,188,48.4429420606465,6.3540770628796
01/04/2023 11:45:00,Cloudy,52.2478225714501,236,43.6188793083713,1.243600495485
01/04/2023 12:00:00,Rain,33.8903563363886,343,15.5002222427663,8.2234892607322
01/04/2023 12:15:00,Rain,44.5340964217255,296,29.9305258215274,0.810898356153597
01/04/2023 12:30:00,Rain,49.6477479087672,134,42.5533001207143,5.7559769545421
01/04/2023 12:45:00,Clear,77.6876387738353,279,37.7891403817254,5.0079508420454
01/04/2023 13:00:00,Fog,34.1072837153574,127,10.4635503791973,1.8847217817966
01/04/2023 13:15:00,Fog,36.967924294077,68,39.0413253290038,11.7453033219028
01/04/2023 13:30:00,Fog,66.8464072216652,99,38.7053642867405,5.3344244724791
01/04/2023 13:45:00,Fog,22.2741860890633,121,43.5090969626873,5.1132817339953
01/04/2023 14:00:00,Clear,44.369041938511,93,11.4065293578327,-0.811365942597902
01/04/2023 14:15:00,Clear,30.6554624631814,92,7.12305772358063,10.7604188282711
01/04/2023 14:30:00,Fog,37.9255881697359,255,6.93117880644841,2.9073818080129
01/04/2023 14:45:00,Rain,28.3295252542268,316,10.337730405419,40.8365387296391
01/04/2023 15:00:00,Rain,24.0997366611944,373,47.4422493370499,15.4243322961101
01/04/2023 15:15:00,Fog,42.1408202261911,392,33.6643122943958,22.2298124064832
01/04/2023 15:30:00,Clear,70.0362183378173,216,5.43786749794137,10.5063463383607
01/04/2023 15:45:00,Cloudy,39.5071976066558,408,47.9897604612335,11.0902092371665
01/04/2023 16:00:00,Fog,57.3628106162655,169,29.8102244897038,13.6752099807122
01/04/2023 16:15:00,Fog,43.4570118242793,424,15.6404379983831,8.3342621625775
01/04/2023 16:30:00,Clear,43.6948315849564,229,23.6478231257758,3.4167187749414
01/04/2023 16:45:00,Rain,22.5640855655551,165,43.8994023364777,9.8609052338073
01/04/2023 17:00:00,Fog,69.3846213779086,274,22.0911072597939,20.6346565305883
01/04/2023 17:15:00,Clear,77.7747870089834,153,45.3351000588972,22.7169160547362
01/04/2023 17:30:00,Rain,25.6702347539606,174,14.9736585930581,4.6487249906058
01/04/2023 17:45:00,Rain,64.4480016501618,142,35.0673469238102,5.2754034126154
01/04/2023 18:00:00,Cloudy,73.0889094650999,471,23.4034055394371,19.1274343747657
01/04/2023 18:15:00,Rain,26.8424637879332,384,22.8866331594676,16.7565949717426
01/04/2023 18:30:00,Fog,75.5717176930213,96,36.4135535303052,0.392525963465499
01/04/2023 18:45:00,Clear,58.457935881165,83,33.3761853392624,11.3812473216258
01/04/2023 19:00:00,Clear,78.14274268038,291,21.889392001811,4.2766687282749
01/04/2023 19:15:00,Clear,51.3565192818567,232,34.9943811734208,18.0990337945722
01/04/2023 19:30:00,Clear,31.0621273814942,425,22.8110764343767,44.2899698011427
01/04/2023 19:45:00,Rain,43.8746012333343,101,5.25312209534833,11.704202616945
01/04/2023 20:00:00,Rain,22.488004854286,197,32.2633832361313,21.626463203643
01/04/2023 20:15:00,Cloudy,64.2176675051983,374,29.4669242102675,13.6245381480164
01/04/2023 20:30:00,Clear,77.2521616541581,476,48.076830288047,43.1251234037424
01/04/2023 20:45:00,Rain,49.9209253746775,266,30.9165049745054,11.4292985071039
01/04/2023 21:00:00,Rain,21.6446208009407,482,48.9251839283455,23.4310290451649
01/04/2023 21:15:00,Rain,64.9284002365758,187,29.5374211542346,3.8533286424262
01/04/2023 21:30:00,Clear,28.3661488424447,205,18.4023626567552,-5.3917883653308
01/04/2023 21:45:00,Cloudy,61.0986944002974,284,41.380783656891,2.8078821123582
01/04/2023 22:00:00,Cloudy,30.0851042284577,340,20.0305977127145,1.8334155846707
01/04/2023 22:15:00,Clear,49.6870243325037,203,49.7198150370566,-1.9957244078671
01/04/2023 22:30:00,Clear,34.0812464156891,405,41.8923896838157,11.6961246082133
01/04/2023 22:45:00,Clear,41.7077831458418,454,16.187243941908,10.4811174085592
01/04/2023 23:00:00,Fog,33.6824467650619,312,12.0971342023178,4.7127325727249
01/04/2023 23:15:00,Cloudy,31.9419765734408,487,23.9398092109477,8.2437596605156
01/04/2023 23:30:00,Cloudy,29.9004453664781,383,9.30046872661394,6.40156284236461
01/04/2023 23:45:00,Cloudy,61.4805675912042,190,43.3351287073438,23.2130152187403
01/05/2023 00:00:00,Rain,63.2743509959005,398,41.6619331352763,12.8684874624561
01/05/2023 00:15:00,Cloudy,24.5219466257343,427,15.947119473793,9.6201083065854
01/05/2023 00:30:00,Rain,73.127897426068,341,21.9325355468091,13.6703050165915
01/05/2023 00:45:00,Cloudy,71.8811732505023,76,31.1654937006333,0.7143327688715
01/05/2023 01:00:00,Rain,54.4352413380282,113,20.7886277770331,-0.825163232509404
01/05/2023 01:15:00,Clear,67.4418290639663,371,35.0232993302295,9.8655540420554
01/05/2023 01:30:00,Fog,46.2398990182785,317,12.4576426431871,9.1356559584745
01/05/2023 01:45:00,Rain,71.5493617876567,400,24.0476429557018,24.4211622753998
01/05/2023 02:00:00,Rain,61.4298333971545,168,12.178288633464,1.076701560587
01/05/2023 02:15:00,Clear,51.731238835533,393,39.45541442553,12.0202750400421
01/05/2023 02:30:00,Fog,78.8031603454669,386,24.0925535566251,7.1904081974462
01/05/2023 02:45:00,Fog,43.8902128978797,493,34.4292912895297,15.4809877775695
01/05/2023 03:00:00,Fog,25.6219577828392,101,45.8080866889466,5.4603121661517
01/05/2023 03:15:00,Fog,45.7298551102351,188,15.0008089879801,-2.0051117565361
01/05/2023 03:30:00,Clear,36.1109382113537,423,40.7966693865813,20.2019811063067
01/05/2023 03:45:00,Clear,71.4621545652584,446,24.2318608619037,10.5102656240993
01/05/2023 04:00:00,Fog,46.3030521578758,269,46.9228480529867,13.6240371309998
01/05/2023 04:15:00,Clear,73.1972955096109,329,7.78341284505411,8.4409703985681
01/05/2023 04:30:00,Clear,58.3918815058882,143,12.9447846542676,-4.1965766051994
01/05/2023 04:45:00,Fog,26.3754956830747,50,11.9869501131796,-2.5139519982794
01/05/2023 05:00:00,Clear,75.1170290281829,144,28.0030594406945,6.1864490563773
01/05/2023 05:15:00,Cloudy,68.2776676411809,95,45.4925995731415,8.4759503348055
01/05/2023 05:30:00,Cloudy,29.9915079948081,307,33.626557359956,3.8504533716208
01/05/2023 05:45:00,Fog,43.7360893655698,333,48.1315562798718,5.5931359177025
01/05/2023 06:00:00,Clear,70.0815293703564,64,36.9436438772121,12.2946344457829
01/05/2023 06:15:00,Cloudy,68.4084759887914,392,21.4642715971583,13.0778485871379
01/05/2023 06:30:00,Fog,76.8324224888559,104,11.873825928223,0.508824541353199
01/05/2023 06:45:00,Cloudy,45.543404802906,408,46.8151700712795,16.9644944077064
01/05/2023 07:00:00,Cloudy,64.8939178708631,209,28.9304512696626,6.5575900157582
01/05/2023 07:15:00,Cloudy,32.0891730450737,57,20.3688830965941,3.0692329486342
01/05/2023 07:30:00,Clear,32.642914109935,184,40.9949977358828,5.51052719490509
01/05/2023 07:45:00,Clear,47.2795683516756,170,32.8272908002678,3.2103647296948
01/05/2023 08:00:00,Cloudy,64.9170970886105,492,38.5435968442975,14.1259281148288
01/05/2023 08:15:00,Rain,33.7997312497797,386,42.0958329755992,22.3869642919836
01/05/2023 08:30:00,Rain,70.9680661207046,465,32.6153982665045,4.6848478971825
01/05/2023 08:45:00,Fog,78.6437735846645,150,36.4985445367797,8.5357574417937
01/05/2023 09:00:00,Fog,72.4319995148517,213,13.8037492010351,20.8971327038908
01/05/2023 09:15:00,Clear,62.5698244237844,292,14.5929889642183,10.8697263540145
01/05/2023 09:30:00,Clear,43.116505952271,103,19.7774966525735,-0.411648466011094
01/05/2023 09:45:00,Cloudy,66.0632599941971,242,7.49877056511029,13.8798335618706
01/05/2023 10:00:00,Rain,59.4726084998618,456,40.3499029073775,15.6495304105374
01/05/2023 10:15:00,Clear,79.7958002505643,120,27.7781976980263,5.3449385275369
01/05/2023 10:30:00,Cloudy,61.8772906289777,264,10.5609541043941,3.5599516215884
01/05/2023 10:45:00,Fog,60.4313102325765,166,38.2667492595651,4.6327175053214
01/05/2023 11:00:00,Clear,77.3036889350997,396,34.8990896379714,12.0585575031617
01/05/2023 11:15:00,Cloudy,52.076038550998,298,36.9035008726654,8.6178743234042
01/05/2023 11:30:00,Fog,68.628179837791,325,38.5996949265869,17.9213623443554
01/05/2023 11:45:00,Clear,33.0157873051849,78,32.3725571354878,8.3791225274827
01/05/2023 12:00:00,Rain,53.2685539443247,452,9.16124845346155,9.6404357933863
01/05/2023 12:15:00,Cloudy,71.426359264543,281,31.1539873501572,6.0677659331641
01/05/2023 12:30:00,Rain,23.7146137218734,445,18.3404067116707,15.9785502455377
01/05/2023 12:45:00,Rain,73.6153121964752,285,45.9056034656749,8.4603195904185
01/05/2023 13:00:00,Rain,74.9256106227755,153,35.2688180392855,9.2398343150221
01/05/2023 13:15:00,Cloudy,59.0512864218175,290,34.9952024798421,0.3425869446673
01/05/2023 13:30:00,Cloudy,24.0998779977961,491,18.8248348567532,34.6147484751011
01/05/2023 13:45:00,Fog,56.4762071913671,184,45.6871754945989,11.3147376866443
01/05/2023 14:00:00,Rain,48.8589409896002,459,17.9694596507421,18.6197424688603
01/05/2023 14:15:00,Cloudy,55.6933253590981,55,46.0856306241113,-2.261732362926
01/05/2023 14:30:00,Rain,30.7090549495341,337,46.3392707170333,36.5273196119105
01/05/2023 14:45:00,Clear,51.4703819009008,194,30.9253451714278,3.3773506996578
01/05/2023 15:00:00,Rain,63.674364416817,181,49.8841210075275,5.0935730322069
01/05/2023 15:15:00,Clear,34.8889984238238,421,43.8699220389211,22.7024147335308
01/05/2023 15:30:00,Clear,56.8598323370434,191,47.4420257047061,4.5636174256711
01/05/2023 15:45:00,Clear,31.1313077555694,365,31.3670694912314,50.0364237945964
01/05/2023 16:00:00,Cloudy,20.1046497461527,124,6.05849499508178,-0.6213858970535
01/05/2023 16:15:00,Rain,66.0682142711865,186,36.5323372862443,13.4148736197853
01/05/2023 16:30:00,Rain,49.0057461341081,481,21.3145258832181,21.7768923497474
01/05/2023 16:45:00,Fog,45.8357153686248,421,13.7198711753492,51.222370494426
01/05/2023 17:00:00,Rain,58.0524696887036,441,13.4847390943825,9.2529761918184
01/05/2023 17:15:00,Fog,76.5033169030788,397,49.722258040775,25.3315219602413
01/05/2023 17:30:00,Cloudy,65.1306528264306,155,44.9862447018997,-0.6823220424684
01/05/2023 17:45:00,Fog,76.1470428799145,364,31.7711842728455,24.9032542154912
01/05/2023 18:00:00,Rain,59.757403131459,316,15.7236124791604,12.1627323659543
01/05/2023 18:15:00,Clear,57.9149280559972,138,15.7804729920494,2.4576980892175
01/05/2023 18:30:00,Cloudy,63.4835790087747,434,23.4754865243218,4.8635952628025
01/05/2023 18:45:00,Cloudy,29.28272838646,221,45.6976084467879,10.125964734682
01/05/2023 19:00:00,Rain,25.0054751534773,164,23.4450588201209,0.215510300569999
01/05/2023 19:15:00,Fog,40.5505487093194,117,5.46108436363709,22.881184183157
01/05/2023 19:30:00,Clear,50.6915155276884,239,12.7048858865795,19.2229561209403
01/05/2023 19:45:00,Rain,52.5995817673575,196,33.1948628875246,17.8878771718971
01/05/2023 20:00:00,Rain,29.8739065054626,299,35.9909308379837,1.625977461224
01/05/2023 20:15:00,Clear,24.0771554806217,143,24.6606091179515,12.8098353457259
01/05/2023 20:30:00,Clear,64.7320720562024,495,36.1703928471419,22.9011387263362
01/05/2023 20:45:00,Cloudy,62.8122567772489,397,17.7000218790619,5.7981211595172
01/05/2023 21:00:00,Fog,24.763516743132,472,7.89272090239335,15.1239465000634
01/05/2023 21:15:00,Clear,46.0523477922915,455,7.44229071666397,16.377119818032
01/05/2023 21:30:00,Clear,76.5307723859098,390,28.0123178565384,17.9701032552678
01/05/2023 21:45:00,Cloudy,30.4537993637231,284,39.2450282531108,6.1876298597395
01/05/2023 22:00:00,Clear,59.7009114221097,76,19.2848392328245,11.1527531176873
01/05/2023 22:15:00,Fog,20.3796593588567,451,43.7968959812936,19.6969071305631
01/05/2023 22:30:00,Clear,74.3466287271334,139,20.2305096083854,-0.2208592752069
01/05/2023 22:45:00,Cloudy,55.2268151592911,285,29.0402154714767,0.402604089472501
01/05/2023 23:00:00,Rain,32.0356196012425,154,49.2060517948333,7.3695235308775
01/05/2023 23:15:00,Rain,63.8489461537495,418,6.32074277229924,6.5126897195431
01/05/2023 23:30:00,Rain,61.1819364375078,72,25.6965199710744,7.090409550418
01/05/2023 23:45:00,Fog,55.231380598491,113,36.7415549706663,1.644886386359
01/06/2023 00:00:00,Clear,35.0473875680871,429,45.8131678355271,45.5152400179304
01/06/2023 00:15:00,Fog,33.5752855756,351,21.4213657334682,26.082437367131
01/06/2023 00:30:00,Cloudy,24.0602430648396,418,40.0678245189523,9.2263504431552
01/06/2023 00:45:00,Rain,54.0612257636137,163,20.2923261283819,16.7453910956871
01/06/2023 01:00:00,Fog,62.1903150431228,125,9.78057556639886,9.333102086
01/06/2023 01:15:00,Clear,48.2001861648742,170,48.30065914068,-2.4524506232935
01/06/2023 01:30:00,Rain,63.8577912120013,241,13.8391881100083,8.7043399660939
01/06/2023 01:45:00,Cloudy,67.9862194458025,83,22.2484900819101,1.7342906889087
01/06/2023 02:00:00,Fog,51.7342452085016,275,31.4004096236402,-2.6025497913417
01/06/2023 02:15:00,Cloudy,71.8602607073388,215,41.3846882108503,0.5859027296571
01/06/2023 02:30:00,Rain,40.2244296977966,209,16.1568432149061,9.6719793085842
01/06/2023 02:45:00,Cloudy,23.328543622492,398,6.74112324505318,6.2802885683064
01/06/2023 03:00:00,Clear,67.1442882864585,158,45.8385324861301,14.9676392202222
01/06/2023 03:15:00,Rain,72.7097287021922,330,15.9815055611128,47.5985630600063
01/06/2023 03:30:00,Rain,62.5423295033783,99,37.8965838405432,-3.3791366905613
01/06/2023 03:45:00,Fog,71.3702453472318,89,22.0391309749906,9.0265637329193
01/06/2023 04:00:00,Cloudy,42.9120569765235,170,28.4727621123801,13.0877733079289
01/06/2023 04:15:00,Clear,59.0383886524989,321,20.9701547236992,17.4566822943403
01/06/2023 04:30:00,Cloudy,38.1902261731651,152,7.73842225780316,4.493448468481
01/06/2023 04:45:00,Clear,51.2297284587124,385,25.0386408546399,5.13476409948691
01/06/2023 05:00:00,Rain,66.5181168954506,122,28.8043397445326,11.2592773662831
01/06/2023 05:15:00,Cloudy,38.7817503961836,380,28.6395856340478,21.0943468498875
01/06/2023 05:30:00,Cloudy,24.2350399279656,61,34.6775821497408,3.5342628147578
01/06/2023 05:45:00,Fog,60.5597069012516,348,25.3354920512567,49.84906953956
01/06/2023 06:00:00,Fog,34.429079148043,407,39.5856199071394,48.2468935930041
01/06/2023 06:15:00,Cloudy,63.3099613227803,193,33.114235460285,1.964977418274
01/06/2023 06:30:00,Clear,73.4851530403099,268,11.1046039319907,4.1940940053272
01/06/2023 06:45:00,Rain,77.7735012473673,327,9.3907394010721,28.8156016250954
01/06/2023 07:00:00,Fog,61.3570709184104,397,20.1513859433457,8.0326739289569
01/06/2023 07:15:00,Cloudy,41.7582470159786,153,17.1789078835056,23.2404702426338
01/06/2023 07:30:00,Rain,48.1447891356996,77,27.6475621043332,6.56934781236929
01/06/2023 07:45:00,Cloudy,24.5652588388914,125,31.4374171690857,3.4077675844437
01/06/2023 08:00:00,Cloudy,35.0197228190436,216,26.6664430013012,2.0734745600084
01/06/2023 08:15:00,Cloudy,50.4240449618172,61,37.8423180868339,18.3284577591234
01/06/2023 08:30:00,Fog,53.5839578368961,327,6.94098901042498,10.7744785735039
01/06/2023 08:45:00,Fog,46.9303248578603,430,23.1650492122736,31.9613101311073
01/06/2023 09:00:00,Fog,70.1727348418213,301,25.7803923209465,6.5180210221196
01/06/2023 09:15:00,Rain,34.2009619838891,91,45.4360219263148,12.5932709919674
01/06/2023 09:30:00,Clear,60.0815946008779,455,12.6751346363728,49.0915603413323
01/06/2023 09:45:00,Rain,58.7027286142862,342,27.8247837387719,11.1603086480502
01/06/2023 10:00:00,Clear,29.8986729368789,205,25.0283914811338,5.802831326528
01/06/2023 10:15:00,Rain,52.0890546334079,466,31.4753531914139,6.1569081608618
01/06/2023 10:30:00,Fog,73.2417332898283,305,42.1532323797395,20.5258752289344
01/06/2023 10:45:00,Rain,45.6587970638811,105,25.1184196573376,7.1050046098882
01/06/2023 11:00:00,Fog,43.9409674217504,264,30.4815879652147,-0.358870757555103
01/06/2023 11:15:00,Fog,59.9458033962386,457,27.5340300265041,15.2047700128593
01/06/2023 11:30:00,Fog,74.1940806167052,57,41.3319641653193,23.7741028179603
01/06/2023 11:45:00,Fog,59.5263976594949,375,35.2665686130205,26.2108594173422
01/06/2023 12:00:00,Fog,64.9873777811922,148,14.6349553738571,17.9347515514527
01/06/2023 12:15:00,Cloudy,24.3647344555276,123,12.3826950233276,2.4619189881128
01/06/2023 12:30:00,Fog,47.3407884147434,425,18.6727580315425,34.0668329778274
01/06/2023 12:45:00,Rain,34.3665188215448,324,21.2864680854468,2.3246220806269
01/06/2023 13:00:00,Clear,29.9643363079829,172,44.7898038222508,-3.8212716383372
01/06/2023 13:15:00,Fog,52.9876853583542,237,30.4157852787646,1.2675772510901
01/06/2023 13:30:00,Cloudy,68.7817600979455,415,27.8662757687074,28.8495838726181
01/06/2023 13:45:00,Clear,73.0269339038048,481,7.35368501211432,19.047556140869
01/06/2023 14:00:00,Cloudy,55.0109964258924,259,31.4131441285467,19.0929150019318
01/06/2023 14:15:00,Rain,25.884093084677,126,36.8413676086256,10.4430907206613
01/06/2023 14:30:00,Rain,29.5347870696132,306,10.5563841919354,5.4318489895948
01/06/2023 14:45:00,Clear,62.7782442845877,492,27.6593959922846,21.5652568659403
01/06/2023 15:00:00,Cloudy,66.9384676970904,135,30.2557996904034,11.3716871925801
01/06/2023 15:15:00,Clear,21.0602114983078,309,14.0133617917269,27.9007025763842
01/06/2023 15:30:00,Cloudy,50.3698559282262,155,34.0785140867566,1.4910962755472
01/06/2023 15:45:00,Cloudy,67.5221035244852,122,33.3396360682914,2.7497096080923
01/06/2023 16:00:00,Fog,77.3425737662897,194,36.1713148048755,3.969682082128
01/06/2023 16:15:00,Rain,46.5893341980642,389,47.9157445630112,13.4605594740321
01/06/2023 16:30:00,Cloudy,46.3931318463409,51,13.2961064469106,0.437544931363099
01/06/2023 16:45:00,Cloudy,21.4982915737814,284,16.4348776964116,6.2517080488984
01/06/2023 17:00:00,Cloudy,71.3967849192684,241,40.1600435417726,5.0357946001626
01/06/2023 17:15:00,Fog,58.8878359424206,425,10.3071366474362,4.6234361338804
01/06/2023 17:30:00,Cloudy,70.425649526127,435,38.7906036511928,23.7546497358195
01/06/2023 17:45:00,Clear,25.4163950745344,129,21.9517139502168,4.5874122181407
01/06/2023 18:00:00,Fog,38.2841561995949,302,35.4366584859879,14.8893477043669
01/06/2023 18:15:00,Clear,48.3204415891624,426,17.2863846255097,3.2466952182531
01/06/2023 18:30:00,Rain,28.9876890860344,411,43.6104304648089,13.0407922146376
01/06/2023 18:45:00,Clear,51.9058605425484,445,16.2772202609305,12.336698784091
01/06/2023 19:00:00,Clear,76.964352331614,273,16.4649397435028,2.7863191236401
01/06/2023 19:15:00,Clear,36.176502663158,224,22.3187147740218,-0.2157307808205
01/06/2023 19:30:00,Fog,72.3942490068931,226,25.0526798285436,8.38309678662671
01/06/2023 19:45:00,Fog,69.1735979091945,445,16.3160279122446,17.7661908884237
01/06/2023 20:00:00,Rain,52.4496086628619,197,14.1974838821097,-1.259294347474
01/06/2023 20:15:00,Cloudy,66.1595152445201,171,5.82157844291502,-0.9191199138656
01/06/2023 20:30:00,Clear,29.9709880831288,175,31.1758092969286,5.8009570922151
01/06/2023 20:45:00,Clear,36.8172868315789,87,39.8529479473149,3.552488065282
01/06/2023 21:00:00,Fog,22.7516004994211,100,36.3534884981422,18.9210990231427
01/06/2023 21:15:00,Clear,55.1259530758586,115,11.5166526109544,6.7926122080431
01/06/2023 21:30:00,Rain,33.1160977562775,335,5.26787014121971,13.5101044548104
01/06/2023 21:45:00,Rain,76.5771865180422,89,9.28189602770163,7.2789413568013
01/06/2023 22:00:00,Rain,20.2515680119966,493,19.5233400793201,45.8178681592746
01/06/2023 22:15:00,Rain,22.5143342375943,496,13.6840528328973,16.153423954643
01/06/2023 22:30:00,Cloudy,42.1381728708433,159,33.7358613678193,-4.236459948065
01/06/2023 22:45:00,Rain,75.2345213953009,403,23.1915403582506,21.3182418627027
01/06/2023 23:00:00,Fog,66.2425559716572,144,41.637119492099,8.8513955508069
01/06/2023 23:15:00,Rain,32.8529981747793,61,11.9368411700764,4.0380025256779
01/06/2023 23:30:00,Fog,54.4849298915475,388,30.641456545192,24.9678690571662
01/06/2023 23:45:00,Rain,73.9263727922733,307,24.0838693949269,9.9730491405849
01/07/2023 00:00:00,Fog,65.3558968473728,433,29.2557403231408,8.9237259483182
01/07/2023 00:15:00,Fog,45.2649075994357,257,44.2455835243842,2.0152612159269
01/07/2023 00:30:00,Rain,57.906924175919,323,5.95139955531271,2.7540802848638
01/07/2023 00:45:00,Cloudy,61.3568177522491,208,45.7589590414928,20.1379878912895
01/07/2023 01:00:00,Rain,65.1614825656837,276,28.6203988167309,2.6163524678922
01/07/2023 01:15:00,Clear,75.3219010549608,268,5.25894297156617,-1.0814525104255
01/07/2023 01:30:00,Rain,56.9700567291795,103,17.2584481019484,3.8224522796615
01/07/2023 01:45:00,Clear,24.1165951707197,132,36.5621850454531,8.6169069806753
01/07/2023 02:00:00,Cloudy,43.6398430937055,408,47.3136293652828,9.895777147808
01/07/2023 02:15:00,Rain,76.2850161324573,414,33.9880157554733,4.0656070556372
01/07/2023 02:30:00,Fog,49.6756736165856,124,43.3098533013356,13.877817728827
01/07/2023 02:45:00,Cloudy,70.0413730988989,317,24.1457681037274,29.2363903509592
01/07/2023 03:00:00,Fog,58.4721854005213,495,22.3670095561364,4.3842179819802
01/07/2023 03:15:00,Cloudy,36.9067287433322,149,29.9491388641888,18.7931816919374
01/07/2023 03:30:00,Cloudy,62.5944898569831,347,42.9878613251154,24.2591936372207
01/07/2023 03:45:00,Fog,40.9762106430335,93,33.4759314687213,5.4157230265807
01/07/2023 04:00:00,Cloudy,40.5415216775541,229,49.3148399388994,10.6092959669176
01/07/2023 04:15:00,Clear,22.5341395883144,230,23.6986320282532,7.6554107356312
01/07/2023 04:30:00,Rain,23.5774619247724,405,21.8739106286491,14.7063490501759
01/07/2023 04:45:00,Fog,63.6031573197504,67,29.5523397246463,-1.28664753451501
01/07/2023 05:00:00,Clear,41.6072719466623,216,19.1712030769236,7.7940950086022
01/07/2023 05:15:00,Clear,21.7437348449241,325,36.2262564610174,33.4917924524907
01/07/2023 05:30:00,Cloudy,64.0138978070533,58,24.016169916283,17.6352057504531
01/07/2023 05:45:00,Cloudy,45.0505056010719,400,43.8888271913022,32.261065940903
01/07/2023 06:00:00,Cloudy,38.8018287886943,218,20.5601603773353,-0.557981355035299
01/07/2023 06:15:00,Cloudy,70.6944391506611,190,16.2050350160014,22.3898668208246
01/07/2023 06:30:00,Clear,51.0408187572816,283,12.0521309498802,10.5477141643516
01/07/2023 06:45:00,Cloudy,48.5859125495721,371,35.7508007819236,15.6474525614488
01/07/2023 07:00:00,Fog,28.0071599966981,76,19.8265090388632,7.0853178408636
01/07/2023 07:15:00,Cloudy,56.7254562157332,100,16.5662500854463,4.9238551027305
01/07/2023 07:30:00,Fog,70.3852874351484,236,10.6025721398553,-2.24651177134709
01/07/2023 07:45:00,Fog,63.6631908215796,221,31.5893729402355,4.0399955198827
01/07/2023 08:00:00,Rain,63.5235449816314,368,25.4560417146432,27.2092729224546
01/07/2023 08:15:00,Clear,41.3287854316211,347,10.8441328418522,21.076712845222
01/07/2023 08:30:00,Rain,74.394778110253,81,35.0483578625949,7.9346913015885
01/07/2023 08:45:00,Fog,41.6252738532162,140,10.9081403415734,1.7078395113544
01/07/2023 09:00:00,Clear,39.3329669500216,114,28.6848944521672,8.4313381523948
01/07/2023 09:15:00,Clear,66.8489423124319,280,8.03329125481213,15.4791848203335
01/07/2023 09:30:00,Fog,62.0681208468363,247,20.6788659689372,1.7954659395003
01/07/2023 09:45:00,Cloudy,32.4654215003277,385,26.8559845367627,42.2615104380945
01/07/2023 10:00:00,Rain,34.6992448605212,390,28.0965572530524,39.7759418657963
01/07/2023 10:15:00,Clear,46.1725917223794,425,42.5074969579599,2.8050108920281
01/07/2023 10:30:00,Clear,70.3957777375651,254,10.4797309977691,21.3514027540489
01/07/2023 10:45:00,Rain,72.9204176367637,307,45.4024908157681,28.1182640801377
01/07/2023 11:00:00,Rain,29.3744035454355,401,35.758774195522,17.6895842476567
01/07/2023 11:15:00,Clear,33.4393842588897,146,44.1642072120256,17.8017890426214
01/07/2023 11:30:00,Rain,67.9707895934001,327,47.0958819614774,10.5351062502515
01/07/2023 11:45:00,Cloudy,20.3632334790271,198,34.3742290976231,3.5356127095722
01/07/2023 12:00:00,Rain,77.1942254859194,328,17.1727158668762,5.9695540832822
01/07/2023 12:15:00,Rain,35.6628819898249,237,35.2426517908908,18.817079048257
01/07/2023 12:30:00,Rain,68.4951133352846,55,23.271751638425,-1.5567575131385
01/07/2023 12:45:00,Fog,30.2434382603255,427,41.2502859345107,7.2123078406621
01/07/2023 13:00:00,Cloudy,43.0329103800323,59,21.6633795156645,-4.5373520124575
01/07/2023 13:15:00,Clear,43.3294063983971,154,10.9837128824432,13.4041601849608
01/07/2023 13:30:00,Fog,55.9411666622036,106,7.42540417617231,7.3209777848651
01/07/2023 13:45:00,Cloudy,22.3549096057734,125,46.1921726569272,5.1299036628462
01/07/2023 14:00:00,Clear,71.4276652395929,433,28.3640007664975,44.7965720954433
01/07/2023 14:15:00,Fog,58.836742629224,370,32.9109690155378,16.087559142649
01/07/2023 14:30:00,Fog,50.8412488988076,98,37.0539462642047,-1.9843436698149
01/07/2023 14:45:00,Rain,68.7910762598841,494,22.0283353248337,7.661827737236
01/07/2023 15:00:00,Cloudy,35.7934590308269,79,6.27930929246199,2.320493301624
01/07/2023 15:15:00,Clear,75.504708302328,54,21.7262563453938,26.6674372472051
01/07/2023 15:30:00,Fog,78.0302742770345,173,39.9528525517035,1.1239307740802
01/07/2023 15:45:00,Fog,50.8447332849768,378,46.8063598929018,10.8650210195727
01/07/2023 16:00:00,Rain,36.0966436378794,84,13.3614058663319,1.3049166990606
01/07/2023 16:15:00,Fog,52.8110372406874,173,40.1651815789719,15.1898945371854
01/07/2023 16:30:00,Clear,31.711415667214,346,11.4106103768074,23.4585054625691
01/07/2023 16:45:00,Cloudy,37.9611325386945,205,35.8233476299614,-2.9458405117783
01/07/2023 17:00:00,Clear,43.3128683462763,200,35.9946281924781,-2.6245033405173
01/07/2023 17:15:00,Rain,57.3398944601334,107,19.8651895459636,7.4470256455465
01/07/2023 17:30:00,Rain,20.9477671259097,340,16.462150150368,10.2539151723752
01/07/2023 17:45:00,Rain,67.1775604325675,396,43.2390781672888,11.6414849135209
01/07/2023 18:00:00,Clear,69.2795401774086,255,32.7298712251374,8.6543832407463
01/07/2023 18:15:00,Rain,60.0505363112719,95,48.4083732774166,8.0922117960201
01/07/2023 18:30:00,Cloudy,57.3886926479184,290,37.2825542388041,20.7016785757206
01/07/2023 18:45:00,Cloudy,44.9417363593413,147,32.169611269871,10.9019601605868
01/07/2023 19:00:00,Rain,51.3965551145382,300,43.3066568546741,25.3625984753563
01/07/2023 19:15:00,Clear,58.1901264591394,253,24.5965890135485,-0.627520488724599
01/07/2023 19:30:00,Clear,78.82342673015,232,20.3632326270139,6.9657079348421
01/07/2023 19:45:00,Cloudy,31.6765475550014,81,8.70288907757796,0.775718947923501
01/07/2023 20:00:00,Fog,46.7402597260262,344,49.0360498018202,20.5807811012096
01/07/2023 20:15:00,Cloudy,34.1160451337826,392,30.7613626029347,8.1924394433454
01/07/2023 20:30:00,Clear,44.2704518481648,144,33.6625049332336,0.546993682355797
01/07/2023 20:45:00,Clear,20.9362400082349,490,24.0859648697113,26.0693537309322
01/07/2023 21:00:00,Rain,77.6851892608629,119,39.4744699030983,9.3410819876249
01/07/2023 21:15:00,Clear,63.2328904326249,99,9.53275457004918,-1.0725055901165
01/07/2023 21:30:00,Clear,70.2546836808225,440,26.6612602988026,38.025905549415
01/07/2023 21:45:00,Fog,32.397192225449,145,43.6205445245915,18.2815707367083
01/07/2023 22:00:00,Clear,72.173276502408,223,38.4797333575308,24.1594174848014
01/07/2023 22:15:00,Fog,79.3774432119843,454,41.0587969262493,13.4495034868894
01/07/2023 22:30:00,Rain,42.708512257774,344,40.9730205277606,32.5987038031074
01/07/2023 22:45:00,Cloudy,66.148230089182,420,25.6468444396998,6.3830219963696
01/07/2023 23:00:00,Rain,66.0700670745425,211,34.4179852350991,4.0255017994646
01/07/2023 23:15:00,Clear,50.4024591858329,346,35.2360087916735,12.7376739387777
01/07/2023 23:30:00,Fog,37.4475226625726,279,33.2472767957413,15.0104524562769
01/07/2023 23:45:00,Fog,70.7684425756041,82,21.9623309637693,12.6682602800538
01/08/2023 00:00:00,Fog,39.0314886415489,333,36.9002650443547,21.2685907662101
01/08/2023 00:15:00,Rain,46.4841863552315,258,37.6289912553976,18.0856475207916
01/08/2023 00:30:00,Clear,56.0461788363359,178,46.5952135088681,-2.9664837217673
01/08/2023 00:45:00,Fog,24.0119526240944,241,16.266053428485,9.0891493783812
01/08/2023 01:00:00,Clear,49.6795771474038,283,36.6424065974503,9.3797034108643
01/08/2023 01:15:00,Rain,67.8193087512666,77,27.3915200668177,-2.5897096323739
01/08/2023 01:30:00,Cloudy,67.596177256775,88,40.7914489999135,4.9693711151242
01/08/2023 01:45:00,Rain,64.1613473564823,404,25.3063826587125,12.2581373956317
01/08/2023 02:00:00,Clear,71.5541480045127,305,38.7504167378673,30.8335796132957
01/08/2023 02:15:00,Rain,38.5768993493808,334,7.55794932626371,9.631810696895
01/08/2023 02:30:00,Fog,68.2493551283322,193,39.391093268969,0.546925472484
01/08/2023 02:45:00,Fog,66.2218336703451,484,17.6648191714201,17.5733335283356
01/08/2023 03:00:00,Cloudy,66.6528988018346,233,26.9587086939691,-2.9125270372534
01/08/2023 03:15:00,Rain,41.2508557717386,226,29.009175850983,-0.223540475197501
01/08/2023 03:30:00,Fog,48.8645953134526,390,25.2180699880614,31.2473119792732
01/08/2023 03:45:00,Clear,40.309646348224,203,41.3534386307083,6.5867322882896
01/08/2023 04:00:00,Fog,52.1096907940209,370,6.94162392847958,35.0695285723958
01/08/2023 04:15:00,Rain,35.1514043757353,210,40.6492537353892,-3.6814733414968
01/08/2023 04:30:00,Clear,64.8042580498679,199,8.66436886573358,11.2826773049477
01/08/2023 04:45:00,Clear,42.0230637625125,427,23.295177939629,13.5552796150545
01/08/2023 05:00:00,Clear,43.6057387384853,199,11.6406774082751,-2.3381796549688
01/08/2023 05:15:00,Cloudy,40.5715604520548,107,24.7812251736232,3.6790628472593
01/08/2023 05:30:00,Fog,56.002742569196,113,33.7158007282276,7.3745499269078
01/08/2023 05:45:00,Fog,73.9829054941854,483,43.9594450633971,34.3327073473301
01/08/2023 06:00:00,Rain,62.5415122050585,414,28.6431801418649,25.676888315345
01/08/2023 06:15:00,Rain,52.7289546638839,408,32.4087744600233,21.859436875199
01/08/2023 06:30:00,Rain,75.9314772974428,407,7.59712603119336,8.0799419852856
01/08/2023 06:45:00,Cloudy,47.4673376876051,459,42.9627155734117,22.5111422731095
01/08/2023 07:00:00,Cloudy,37.6411649168624,259,40.3425312101314,18.1260406696598
01/08/2023 07:15:00,Fog,50.1883085488997,464,15.7825619703817,26.0202111354538
01/08/2023 07:30:00,Fog,22.7266048809673,379,12.1653240753288,6.5150734898365
01/08/2023 07:45:00,Cloudy,67.6796211116208,293,7.16844129085023,7.4390127942269
01/08/2023 08:00:00,Clear,50.7517022819988,435,30.2510303217036,12.775832722777
01/08/2023 08:15:00,Rain,32.8674232346736,239,25.7452045098582,15.5745375283149
01/08/2023 08:30:00,Cloudy,25.9238994159898,166,43.4800490283565,6.0393565927857
01/08/2023 08:45:00,Clear,68.4001632504547,494,47.8831462347412,27.9006973136614
01/08/2023 09:00:00,Rain,27.4685998229175,300,17.6130765583151,3.5711233687422
01/08/2023 09:15:00,Fog,42.2455926287287,108,19.1302262297211,8.5069984036424
01/08/2023 09:30:00,Cloudy,24.3225222949842,404,23.8238575431923,3.7891435732435
01/08/2023 09:45:00,Cloudy,38.9682463977699,218,6.43674701732736,0.7096927955869
01/08/2023 10:00:00,Cloudy,21.1461104239982,95,17.0202803778548,9.5294090317207
01/08/2023 10:15:00,Clear,56.5813635060849,477,16.0094496723539,13.6725325282874
01/08/2023 10:30:00,Fog,40.2180608329852,321,21.4349556358243,32.0112191308649
01/08/2023 10:45:00,Fog,26.1416414231501,302,7.40326676688888,43.3296972313587
01/08/2023 11:00:00,Cloudy,24.8586572964725,426,45.4718811191855,45.7924173141249
01/08/2023 11:15:00,Fog,54.8489620585728,436,29.281749511576,5.3638968152837
01/08/2023 11:30:00,Cloudy,61.4180469501157,117,41.7695633066204,-3.278727454722
01/08/2023 11:45:00,Rain,78.4433458704622,372,14.2743757092622,49.5056050609247
01/08/2023 12:00:00,Fog,52.8914090795279,382,37.9083450469116,2.6153839248579
01/08/2023 12:15:00,Clear,57.7089667163536,154,38.8320058051872,5.7712501746522
01/08/2023 12:30:00,Clear,24.4847865326976,460,32.3275578447398,26.9581070732886
01/08/2023 12:45:00,Fog,50.3604640316229,323,47.7963190982403,15.6710019529362
01/08/2023 13:00:00,Cloudy,23.6737541246288,376,11.3064809222514,32.3085537798608
01/08/2023 13:15:00,Clear,28.3658394383407,497,43.8672483937187,7.7583833323602
01/08/2023 13:30:00,Fog,64.9943825881635,422,30.3300168905188,26.7666914866015
01/08/2023 13:45:00,Cloudy,69.132801110845,53,37.9385041639792,4.3836555924111
01/08/2023 14:00:00,Rain,72.9247857482997,134,18.7325905813417,-0.220780072710902
01/08/2023 14:15:00,Clear,42.7570628847972,497,45.3359314948186,10.5156576803258
01/08/2023 14:30:00,Rain,20.2991976439115,476,9.80284089700353,20.4624761055839
01/08/2023 14:45:00,Fog,58.1333062199421,335,37.2739849016112,8.4745577664569
01/08/2023 15:00:00,Cloudy,71.1502017106964,364,20.4555524150134,4.8848952913673
01/08/2023 15:15:00,Rain,45.824845030888,266,31.4162346935676,23.9159854957388
01/08/2023 15:30:00,Rain,43.7878011935423,423,6.10515008852545,12.8552459650817
01/08/2023 15:45:00,Fog,41.4058185746614,157,25.1096401955569,-2.0137104336352
01/08/2023 16:00:00,Clear,20.4069321666076,289,38.6031858935718,15.9928878013035
01/08/2023 16:15:00,Rain,62.082920962099,153,16.3577304248728,5.4403642530619
01/08/2023 16:30:00,Rain,49.6919025204097,270,34.6496070548862,24.459142721126
01/08/2023 16:45:00,Fog,69.3415799965603,277,14.4194635277439,10.3409366629114
01/08/2023 17:00:00,Clear,44.1370511899275,461,16.6889205175849,4.1949347818732
01/08/2023 17:15:00,Cloudy,74.5307153381008,170,13.5286060209136,3.0975462515701
01/08/2023 17:30:00,Clear,69.0087399905771,235,37.2077457683207,-3.9187517880605
01/08/2023 17:45:00,Cloudy,56.6840441454101,147,20.8387624630502,-2.2916572432449
01/08/2023 18:00:00,Fog,24.7695824245517,159,41.0373803051975,1.98655532581731
01/08/2023 18:15:00,Clear,27.3458257574713,116,5.6566599855656,1.0078577923773
01/08/2023 18:30:00,Fog,23.6604508215298,473,42.5173491119062,9.6719553488926
01/08/2023 18:45:00,Fog,66.8645138409859,224,45.8721636995261,0.711942933601099
01/08/2023 19:00:00,Rain,38.067137868212,313,18.4570800425855,14.4404907612836
01/08/2023 19:15:00,Rain,21.169526618168,376,43.4902877543994,19.7892621646065
01/08/2023 19:30:00,Rain,47.4070517216619,81,49.079418222309,6.2828347378996
01/08/2023 19:45:00,Cloudy,72.2404562754512,79,29.4379978771552,25.9724430233845
01/08/2023 20:00:00,Rain,52.8855901857214,190,14.5386482711844,21.6087086647063
01/08/2023 20:15:00,Clear,59.3901862995213,380,40.2688596478495,19.2212020382233
01/08/2023 20:30:00,Cloudy,76.5721185759814,240,39.9224107749579,8.496365161698
01/08/2023 20:45:00,Rain,47.2433597127652,145,42.9278487684016,12.8842566401532
01/08/2023 21:00:00,Clear,31.2350442085944,157,40.2935227130447,2.2607730038387
01/08/2023 21:15:00,Cloudy,79.0724031425954,221,7.08484491880738,-0.990324409966398
01/08/2023 21:30:00,Clear,72.4357992785582,349,25.7019484117203,25.3799532064809
01/08/2023 21:45:00,Cloudy,36.4161733877897,228,37.7088819643548,5.2771199638684
01/08/2023 22:00:00,Rain,34.2263380995879,269,11.0796396206541,3.267320442513
01/08/2023 22:15:00,Fog,44.6033179360248,317,22.1416709413094,41.2501991990036
01/08/2023 22:30:00,Clear,43.0980070042569,406,32.9624147476481,44.8230915961618
01/08/2023 22:45:00,Fog,64.1580775409123,208,43.2151979249404,13.9993937337388
01/08/2023 23:00:00,Clear,54.3797447738001,250,12.8075446491044,6.1543083323291
01/08/2023 23:15:00,Clear,68.4440524834406,237,43.5471874741342,11.11464043143
01/08/2023 23:30:00,Rain,42.1991520478832,90,45.4187153195068,9.9002822229448
01/08/2023 23:45:00,Fog,43.0165762845763,170,37.603100522316,-0.1075494488011
01/09/2023 00:00:00,Clear,50.4228541409061,114,29.2734930947594,12.7441595226245
01/09/2023 00:15:00,Clear,24.6561529535698,466,24.1619082479167,29.6322082935046
01/09/2023 00:30:00,Clear,60.9200219028007,460,26.6643596656234,33.3898461027169
01/09/2023 00:45:00,Fog,37.9306948705672,253,17.9790586212967,-0.732002703881602
01/09/2023 01:00:00,Fog,54.3890056079796,210,40.6150248664819,-0.402169553468898
01/09/2023 01:15:00,Clear,24.0025351613867,345,44.4630822142329,15.9971415669163
01/09/2023 01:30:00,Clear,31.4943016302921,307,44.4653697443207,7.0424263685106
01/09/2023 01:45:00,Rain,47.361505183121,442,22.5403333915936,25.1715476494599
01/09/2023 02:00:00,Rain,23.2780290612937,223,32.3405273351339,15.1749161380689
01/09/2023 02:15:00,Cloudy,31.3204218412101,325,30.2536699079492,47.90520958667
01/09/2023 02:30:00,Rain,22.8605028635549,148,40.0838644552335,1.5031564522894
01/09/2023 02:45:00,Rain,37.887046458241,93,6.46865924856344,-1.54114084603
01/09/2023 03:00:00,Clear,26.9030512384802,348,16.4258190124759,2.9735400671157
01/09/2023 03:15:00,Rain,63.9578111400588,267,7.91845586742818,9.0504345842228
01/09/2023 03:30:00,Rain,69.1097748153389,120,16.4370586378479,3.1582751808488
01/09/2023 03:45:00,Rain,20.4292333527932,415,47.5725297730194,29.8973571835958
01/09/2023 04:00:00,Cloudy,78.8319202518889,60,27.5080401670037,-0.0104786843084952
01/09/2023 04:15:00,Rain,56.635254188818,106,13.3398454239566,-1.6399420030604
01/09/2023 04:30:00,Clear,71.5488917006157,118,9.73369972520549,-0.852568520498799
01/09/2023 04:45:00,Cloudy,51.7737371811134,124,41.5306782053598,22.6919518720502
01/09/2023 05:00:00,Rain,58.1498155690982,435,10.2151754958953,6.8119520202256
01/09/2023 05:15:00,Fog,72.8947519603263,239,37.4546041949595,8.0076073987963
01/09/2023 05:30:00,Cloudy,45.4624605905576,108,18.7623085917844,11.7595247283012
01/09/2023 05:45:00,Cloudy,21.907362790711,470,22.2430003592958,31.5554075747846
01/09/2023 06:00:00,Fog,44.5252424611574,389,20.7123922503584,38.9150182520319
01/09/2023 06:15:00,Rain,49.2848804330732,407,35.04934444094,3.898893641077
01/09/2023 06:30:00,Clear,55.2326072742392,466,15.7416559182522,29.1000174996276
01/09/2023 06:45:00,Clear,56.7869134294124,139,38.3931088258662,10.2873416397509
01/09/2023 07:00:00,Cloudy,31.7652102652956,178,39.1217158424386,0.00583539187329762
01/09/2023 07:15:00,Cloudy,64.1644832741772,464,14.0270121174889,26.1694295063227
01/09/2023 07:30:00,Cloudy,23.364015796355,469,37.7165248960668,14.250753516132
01/09/2023 07:45:00,Cloudy,33.5192825785437,482,30.9754272684024,19.0204120987521
01/09/2023 08:00:00,Clear,31.5030049653644,427,16.6363243904189,8.8870867914114
01/09/2023 08:15:00,Rain,33.5830337151246,208,29.7862682815907,27.9882119755369
01/09/2023 08:30:00,Rain,48.1218459629683,81,27.7111489774787,3.1018089883838
01/09/2023 08:45:00,Fog,39.5551211997742,320,14.5697849209632,21.7222781551404
01/09/2023 09:00:00,Cloudy,29.4736367928637,132,45.9067060396775,3.9248505458154
01/09/2023 09:15:00,Fog,51.2570301802657,337,37.579643084214,20.14407205652
01/09/2023 09:30:00,Clear,57.4191456450269,457,37.5113007759416,17.4138830283418
01/09/2023 09:45:00,Cloudy,75.8675665576273,412,7.50705248905618,5.914425513131
01/09/2023 10:00:00,Rain,28.071574025504,170,17.1112871914687,1.5904725162185
01/09/2023 10:15:00,Rain,79.5461500068787,313,19.1945459026555,20.2078770451884
01/09/2023 10:30:00,Fog,73.4825207754279,475,40.7741174593726,22.1867740767127
01/09/2023 10:45:00,Clear,78.2894785895331,335,43.3622363655058,34.2331130756979
01/09/2023 11:00:00,Rain,73.0190252522082,293,33.2591268030962,11.3799693369571
01/09/2023 11:15:00,Rain,50.5310518531713,388,10.172259493534,5.5001222857391
01/09/2023 11:30:00,Fog,24.5094560977092,362,28.6745077156558,22.9131384731362
01/09/2023 11:45:00,Cloudy,73.9528747359218,416,20.2783619009392,24.6095833949121
01/09/2023 12:00:00,Fog,44.802057590074,247,25.4596552039894,-1.1578930433621
01/09/2023 12:15:00,Clear,23.260856041608,66,9.63005561040616,11.8767739587151
01/09/2023 12:30:00,Cloudy,42.7206698954328,455,33.8458224608814,6.3432935699639
01/09/2023 12:45:00,Fog,64.9825841463047,207,5.35412763604677,-1.3073261259462
01/09/2023 13:00:00,Fog,28.9787797911223,446,43.0424005351553,34.2709665410331
01/09/2023 13:15:00,Cloudy,71.3029784898241,440,22.9287141420697,22.7653818477361
01/09/2023 13:30:00,Cloudy,43.2501765992122,486,8.80149628901756,25.7957939686475
01/09/2023 13:45:00,Cloudy,53.292892831813,490,45.5248199328833,46.1563500109546
01/09/2023 14:00:00,Cloudy,58.3231408857744,262,28.9318210364569,3.3435867129831
01/09/2023 14:15:00,Rain,30.1055667007219,285,13.6095662820816,7.3081350981229
01/09/2023 14:30:00,Fog,23.9700995247899,194,26.0591243852652,-2.0277811474108
01/09/2023 14:45:00,Fog,76.9383768333683,63,43.7027851474536,6.9049647765321
01/09/2023 15:00:00,Cloudy,41.3098912061989,154,33.3270487094556,-2.1714405254658
01/09/2023 15:15:00,Fog,37.3626587845721,108,9.17436042476659,12.3531189310145
01/09/2023 15:30:00,Rain,47.4783787466205,311,31.7282228538335,21.5207865959211
01/09/2023 15:45:00,Fog,56.7484452149594,395,29.0034678001474,17.2699115862571
01/09/2023 16:00:00,Clear,63.9636056349412,137,35.8889793847275,10.397938368296
01/09/2023 16:15:00,Cloudy,22.4518080813195,256,34.0781545245619,-1.6478744812669
01/09/2023 16:30:00,Cloudy,64.4189363744036,73,48.5780511832567,20.0765624630398
01/09/2023 16:45:00,Rain,79.9195412183323,499,31.2245778998163,13.808735524867
01/09/2023 17:00:00,Clear,55.7113207575301,393,32.7917765414107,14.5362384255911
01/09/2023 17:15:00,Clear,78.4226469696746,418,49.6187559832207,33.5115407849383
01/09/2023 17:30:00,Fog,52.9060027737841,205,39.4250973128962,-0.511950709731394
01/09/2023 17:45:00,Cloudy,23.0711625825821,486,41.6974362392136,5.5910980381391
01/09/2023 18:00:00,Fog,40.8080594972744,343,37.4588012941531,49.3018086726488
01/09/2023 18:15:00,Fog,78.2620930412556,408,37.0369089833658,36.5775123104093
01/09/2023 18:30:00,Fog,77.9384453345973,287,31.3476530130869,4.4973790211397
01/09/2023 18:45:00,Cloudy,78.9983370801923,412,5.75619037190717,2.0468869222977
01/09/2023 19:00:00,Fog,74.8318998698723,159,33.0808312629347,3.8716172758031
01/09/2023 19:15:00,Fog,65.4495179207295,331,46.0054088636607,24.704032275239
01/09/2023 19:30:00,Rain,26.3558233194632,327,18.1647205248427,6.6118059328054
01/09/2023 19:45:00,Rain,42.3657632891736,414,30.6254703689547,20.4813263963263
01/09/2023 20:00:00,Cloudy,52.8218155557062,415,45.5628333330386,21.5482819679307
01/09/2023 20:15:00,Cloudy,27.2278477178255,266,7.09325591429395,5.7513451597999
01/09/2023 20:30:00,Clear,72.2319533436872,344,19.5849831818566,6.4317359180242
01/09/2023 20:45:00,Fog,64.9497345280216,311,35.4264066886376,45.8303678502604
01/09/2023 21:00:00,Rain,63.4651944507654,381,37.7717938352793,1.8696934045121
01/09/2023 21:15:00,Cloudy,73.6931008175352,225,8.25333465360572,4.8609286392104
01/09/2023 21:30:00,Cloudy,28.8664922742174,137,14.8327221479134,-1.0302722858759
01/09/2023 21:45:00,Fog,40.5797353237795,300,29.9547731022737,3.071016756914
01/09/2023 22:00:00,Rain,45.4712845899485,229,37.7124641006364,-3.5271088241454
01/09/2023 22:15:00,Rain,20.5954516616367,241,42.7574802929332,10.0097931082112
01/09/2023 22:30:00,Rain,71.2326652139863,308,21.4850090073587,18.582784130976
01/09/2023 22:45:00,Clear,30.0763321982954,122,39.9955792901234,12.9287237206027
01/09/2023 23:00:00,Fog,64.8908566219803,125,11.3479514975793,2.9902160820779
01/09/2023 23:15:00,Rain,37.7651785531169,131,29.6970008718666,7.1696575563755
01/09/2023 23:30:00,Rain,20.0538162996131,91,16.6704641125717,-4.3500518138285
01/09/2023 23:45:00,Rain,39.4776737930992,229,13.8562744304268,7.568636979344
01/10/2023 00:00:00,Fog,49.6133260494829,478,10.8754974424388,11.2263830312865
01/10/2023 00:15:00,Cloudy,30.374179238476,391,25.289106002864,12.1222831644286
01/10/2023 00:30:00,Clear,20.5761945746791,216,42.6691626215036,2.4449163581097
01/10/2023 00:45:00,Cloudy,35.8541075957261,238,33.6130563452119,10.9461042826627
01/10/2023 01:00:00,Cloudy,70.9966264306286,418,14.1510817920128,26.8784973795985
01/10/2023 01:15:00,Rain,59.357949611022,402,23.4152514563732,19.5586411375082
01/10/2023 01:30:00,Clear,39.3366023034827,99,13.4204780936082,1.8740645990044
01/10/2023 01:45:00,Cloudy,68.2268997850603,256,37.931940868204,9.0027090307824
01/10/2023 02:00:00,Clear,29.6962656072318,178,29.1730179664216,23.0939639242373
01/10/2023 02:15:00,Cloudy,54.6130100987828,497,35.0674860641889,31.6245573720208
01/10/2023 02:30:00,Fog,76.5096674601836,300,19.3794317813138,-0.603463055525399
01/10/2023 02:45:00,Rain,77.0473316897311,248,44.6138287996837,2.7896854325015
01/10/2023 03:00:00,Rain,47.784130426151,253,31.3344344198076,5.3771310901483
01/10/2023 03:15:00,Rain,72.1614387665803,235,18.464931490049,2.2155057783321
01/10/2023 03:30:00,Cloudy,49.6189804964004,378,30.2856088622022,22.6655936232209
01/10/2023 03:45:00,Clear,67.0668673714819,276,43.2695074781763,12.3556563903662
01/10/2023 04:00:00,Cloudy,23.2658096459005,471,5.18055229593387,1.6298485220635
01/10/2023 04:15:00,Rain,69.2784496482858,399,22.7471751305982,30.3069026475185
01/10/2023 04:30:00,Rain,21.1555270807926,200,17.7254766038617,20.6025608966497
01/10/2023 04:45:00,Clear,33.9049893846897,483,38.197967181232,25.8256628707092
01/10/2023 05:00:00,Rain,42.2206865137656,169,35.2291554402845,-1.1011549950372
01/10/2023 05:15:00,Cloudy,47.0285532284269,369,23.3915386003258,3.3472412272971
01/10/2023 05:30:00,Cloudy,72.1310243029557,338,41.2820150879621,35.5287324348293
01/10/2023 05:45:00,Clear,71.4732897942142,372,15.34735175489,13.1420202728079
01/10/2023 06:00:00,Rain,36.5921980732531,103,13.0753782010104,0.7427979637358
01/10/2023 06:15:00,Fog,38.1053598917288,56,31.015694053476,13.4229758029709
01/10/2023 06:30:00,Rain,60.8975921790107,399,6.54259370649442,5.0845596250659
01/10/2023 06:45:00,Fog,78.4054580240524,176,41.7705187162475,25.1943040356497
01/10/2023 07:00:00,Fog,79.3995019876954,55,43.246093830751,12.5865350537725
01/10/2023 07:15:00,Rain,44.2383513452436,327,8.00005586993916,11.0180170976206
01/10/2023 07:30:00,Fog,53.7883691968537,161,18.0296163058738,14.4943683846775
01/10/2023 07:45:00,Clear,28.0185477592323,99,42.1986291875133,2.9434547824215
01/10/2023 08:00:00,Fog,65.4487068028564,302,15.8161061824652,34.7594606695469
01/10/2023 08:15:00,Fog,57.4691294579035,165,15.2932152179652,0.896596211466395
01/10/2023 08:30:00,Cloudy,33.4091254233001,299,14.0993150842382,22.2812031204111
01/10/2023 08:45:00,Cloudy,55.0901753812237,275,29.1903618518859,17.4614462826524
01/10/2023 09:00:00,Clear,50.5796505920238,82,5.51557121999943,1.4225644646809
01/10/2023 09:15:00,Cloudy,79.9615107295005,465,34.860383963944,43.2741491857099
01/10/2023 09:30:00,Cloudy,21.6144208859254,454,33.0930419238692,9.8191567774327
01/10/2023 09:45:00,Rain,42.7588177067128,370,37.030217008895,8.2316203664528
01/10/2023 10:00:00,Clear,32.0612501842855,457,45.0349652636866,10.2928861191928
01/10/2023 10:15:00,Rain,54.5340316445857,100,33.0640727765207,14.7846589939922
01/10/2023 10:30:00,Clear,26.4654386336354,301,48.5199236787661,37.9028571769332
01/10/2023 10:45:00,Cloudy,79.5002568045094,496,42.701892103447,31.8789692975344
01/10/2023 11:00:00,Cloudy,47.1107111457553,137,16.1376116252846,0.761254370120401
01/10/2023 11:15:00,Clear,33.6570045618195,101,38.7970389031369,2.938801872324
01/10/2023 11:30:00,Cloudy,46.4535553104578,132,47.8048755908783,3.6273725380705
01/10/2023 11:45:00,Rain,31.2139911981185,262,37.9592244060197,-1.1850236835744
01/10/2023 12:00:00,Cloudy,48.9507500327848,221,35.3711771986295,15.3958017696936
01/10/2023 12:15:00,Rain,62.9552566755544,340,9.20245186634817,16.760488119963
01/10/2023 12:30:00,Fog,56.3007263311399,263,49.7792382328994,-2.6834380195253
01/10/2023 12:45:00,Rain,44.0134033882489,119,10.1659312773392,23.8849401624285
01/10/2023 13:00:00,Fog,71.3317605425654,146,35.5705337802811,3.5282370605335
01/10/2023 13:15:00,Rain,62.5792621492043,115,20.9590419123747,1.6777254662576
01/10/2023 13:30:00,Clear,39.0777961678993,375,36.2837894490026,38.0890057617917
01/10/2023 13:45:00,Rain,52.1184299162078,464,35.251201760026,9.5040501663706
01/10/2023 14:00:00,Fog,56.1289451655625,252,20.7455230226579,-1.9823356886997
01/10/2023 14:15:00,Rain,31.8777775728086,247,47.9153147023132,13.1755629257888
01/10/2023 14:30:00,Rain,67.6872060853793,282,15.5943416961618,-0.173581382582899
01/10/2023 14:45:00,Cloudy,31.5339190681198,401,37.5388738938401,29.3068739346636
01/10/2023 15:00:00,Fog,41.1827367306701,249,14.4834982105842,-0.558616064375798
01/10/2023 15:15:00,Fog,28.2691730093579,442,23.5791458047678,10.318366764545
01/10/2023 15:30:00,Fog,60.9203322742584,186,26.3750325520539,1.2720682820628
01/10/2023 15:45:00,Fog,34.3638705592756,56,10.3416499340495,4.7613848247389
01/10/2023 16:00:00,Fog,60.9809010488157,277,19.5147996752321,2.5885999952229
01/10/2023 16:15:00,Cloudy,68.7600791210425,285,49.5112085225252,11.778531310923
01/10/2023 16:30:00,Clear,31.6836780104022,283,22.6673273298616,14.97806541811
01/10/2023 16:45:00,Rain,28.4174666147313,418,31.1541449442859,7.9956569533817
01/10/2023 17:00:00,Cloudy,29.6240438449808,378,44.7825865088067,16.2396853847683
01/10/2023 17:15:00,Clear,73.9454220256737,149,17.9765677838806,15.7617941739316
01/10/2023 17:30:00,Cloudy,20.5843599290606,105,42.755526576188,2.8643057379552
01/10/2023 17:45:00,Rain,34.8280262824374,208,35.3715778355047,-2.4025402138632
01/10/2023 18:00:00,Rain,77.4733498568876,276,37.2240304799394,6.34014060824531
01/10/2023 18:15:00,Fog,75.2897168605927,252,5.959036994221,14.2299426719709
01/10/2023 18:30:00,Clear,51.0229653618854,355,10.0136277528886,17.2500479620369
01/10/2023 18:45:00,Cloudy,24.7196048280229,236,14.9129408261861,-1.8389454102068
01/10/2023 19:00:00,Fog,47.8398110598175,182,24.3894527708145,5.9896237434952
01/10/2023 19:15:00,Rain,55.0505789038406,180,22.4421443093413,3.8097870259048
01/10/2023 19:30:00,Fog,53.2241686298945,214,42.1016819910355,3.2542262379496
01/10/2023 19:45:00,Clear,32.4704508054787,358,27.869384491243,37.0548037565761
01/10/2023 20:00:00,Cloudy,52.9360585899106,252,5.79763000522901,4.7634445530293
01/10/2023 20:15:00,Cloudy,74.7881621032295,347,42.3101832208362,21.0543407414813
01/10/2023 20:30:00,Rain,41.311500552687,75,17.8146126149202,13.1594044707103
01/10/2023 20:45:00,Rain,67.5055959451874,133,22.9348021267894,18.226854638352
01/10/2023 21:00:00,Clear,34.534032893906,238,45.1180558213989,4.6105944068382
01/10/2023 21:15:00,Fog,53.0887340218178,148,19.8128898867918,15.7828704551088
01/10/2023 21:30:00,Rain,70.094609281491,246,19.4474293595151,5.4928059774443
01/10/2023 21:45:00,Rain,77.6247198990343,275,23.6640811484591,4.415580500758
01/10/2023 22:00:00,Cloudy,75.2118873077857,239,43.5205922975708,1.2777927251497
01/10/2023 22:15:00,Fog,20.3195304884052,141,6.30317738208102,2.8903750049216
01/10/2023 22:30:00,Fog,79.0138599157307,496,34.7992051294685,2.1063598626095
01/10/2023 22:45:00,Rain,28.9110609588352,248,8.00341670096361,16.8861281770651
01/10/2023 23:00:00,Clear,38.631411063154,174,12.3893184550383,8.2274891355464
01/10/2023 23:15:00,Cloudy,65.5251947961012,225,23.3297772714953,-2.2593090959143
01/10/2023 23:30:00,Rain,41.3339592230255,202,13.8295071123035,2.2715158093086
01/10/2023 23:45:00,Rain,46.0531004320389,56,36.8544795006079,-3.6776857667162
01/11/2023 00:00:00,Cloudy,63.5304633219432,376,8.95930677122462,30.7071042881084
01/11/2023 00:15:00,Clear,58.267618301693,402,17.9151430068937,43.7765645992702
01/11/2023 00:30:00,Rain,54.361723613001,471,8.9946644411382,29.127258408638
01/11/2023 00:45:00,Cloudy,45.6900196064909,400,28.8518915269042,13.842188203526
01/11/2023 01:00:00,Fog,52.4211406074588,368,27.1310489197848,29.7019385219911
01/11/2023 01:15:00,Clear,53.2580661321583,376,14.3844204167504,17.3823952288045
01/11/2023 01:30:00,Fog,77.5511291581696,284,21.9091378672329,21.0236492356671
01/11/2023 01:45:00,Rain,73.2458601962332,389,28.3813759926487,4.9359652150892
01/11/2023 02:00:00,Clear,79.0908204357209,370,39.7644811599886,6.1267193613007
01/11/2023 02:15:00,Cloudy,69.0050980650645,287,16.2342542144593,13.4366950340033
01/11/2023 02:30:00,Fog,67.1043970472806,208,32.8097331703019,11.2169658776207
01/11/2023 02:45:00,Clear,32.6174560425439,354,42.507822833468,11.6899008916145
01/11/2023 03:00:00,Rain,68.4215684469146,228,44.5802331372675,2.0925061408616
01/11/2023 03:15:00,Fog,74.1149125632096,163,23.9540608491403,-2.8059006420757
01/11/2023 03:30:00,Rain,71.124062604338,338,14.5614449296095,8.365484951096
01/11/2023 03:45:00,Clear,40.046793383559,151,40.5739072367622,2.5476318791952
01/11/2023 04:00:00,Cloudy,74.6932205427419,129,39.311362516761,10.4040915780772
01/11/2023 04:15:00,Rain,75.9356913730772,292,49.7801009930586,-3.6648666350433
01/11/2023 04:30:00,Cloudy,56.2495094685139,247,33.8676961144535,0.682003479147301
01/11/2023 04:45:00,Cloudy,75.2274181766507,301,36.7878271098747,17.3090650169339
01/11/2023 05:00:00,Clear,60.4595480680175,300,16.4065821331051,25.5742754240928
01/11/2023 05:15:00,Fog,50.5225651549118,152,24.4288694432896,11.5470075071303
01/11/2023 05:30:00,Clear,73.6543879556607,370,13.227545845541,3.0811738326713
01/11/2023 05:45:00,Rain,71.4067134677321,222,40.0498860535906,-1.1106053087265
01/11/2023 06:00:00,Clear,58.8723057933976,136,15.3148737468592,19.7325855991649
01/11/2023 06:15:00,Fog,71.3602987824483,97,11.5179079735349,13.8018683348275
01/11/2023 06:30:00,Rain,71.6233445708152,305,5.45321803943165,25.4930032768328
01/11/2023 06:45:00,Rain,45.2648702577925,239,24.7811728421684,-0.213864167583699
01/11/2023 07:00:00,Rain,53.9356142858791,262,24.5780229661846,4.8791119783255
01/11/2023 07:15:00,Clear,23.0219697772057,437,7.60346000874128,29.8127144273888
01/11/2023 07:30:00,Rain,68.4462701477662,493,19.3879174937128,11.5486944824679
01/11/2023 07:45:00,Fog,24.5845298379544,125,43.2189979861529,-0.510100169946902
01/11/2023 08:00:00,Rain,33.5731292086091,77,21.2913013372702,-0.233215060544
01/11/2023 08:15:00,Fog,28.4297361860258,146,37.2816173343183,3.0300118497988
01/11/2023 08:30:00,Cloudy,67.8014444922678,233,17.4453771489399,-1.2041395765928
01/11/2023 08:45:00,Fog,53.0343517482391,399,21.1602253143688,16.2100406272918
01/11/2023 09:00:00,Clear,25.2543368167699,259,37.0312658994053,14.6912938465374
01/11/2023 09:15:00,Rain,39.8298184232638,451,22.9816354755214,16.5009151772922
01/11/2023 09:30:00,Rain,33.2068350836033,423,12.109711012499,17.171445181786
01/11/2023 09:45:00,Cloudy,44.3304839373542,377,11.1605762500611,5.5823561064502
